la=2,ld=2,s=6
std::vector<std::vector<uint64_t>> data = {{0,0}, {0,0}, {0,0}, {0,0}, {0,0}, {1,0}, {1,0}, {1,0}, {1,0}, {1,0}, {1,0}, {1,0}, {1,0}, {1,0}, {1,0}, {1,0}, {1,0}, {1,0}, {1,0}, {1,0}, {1,0}, {1,0}, {1,0}, {1,0}, {1,0}, {1,0}, {1,0}, {1,0}, {1,0}, {1,0}, {1,0}, {1,0}, {1,0}, {1,0}, {1,0}, {1,0}, {1,0}, {1,0}, {1,0}, {1,0}, {1,0}, {1,0}, {1,0}, {1,0}, {1,0}, {1,0}, {1,0}, {1,0}, {1,0}, {1,0}, {1,0}, {1,0}, {1,0}, {1,0}, {1,0}, {1,0}, {1,0}, {1,0}, {1,0}, {1,0}, {1,0}, {1,0}, {1,0}, {1,0}};
la=2,ld=3,s=6
std::vector<std::vector<uint64_t>> data = {{0,0}, {0,0}, {0,0}, {0,0}, {0,0}, {1,7}, {1,7}, {1,7}, {1,7}, {1,7}, {1,7}, {1,7}, {1,7}, {1,7}, {1,7}, {1,7}, {1,7}, {1,7}, {1,7}, {1,7}, {1,7}, {1,0}, {1,0}, {1,0}, {1,0}, {1,0}, {1,0}, {1,0}, {1,0}, {1,0}, {1,0}, {1,0}, {1,0}, {1,0}, {1,0}, {1,0}, {1,0}, {1,0}, {1,0}, {1,0}, {1,0}, {1,0}, {1,0}, {1,0}, {1,0}, {1,0}, {1,0}, {1,0}, {1,0}, {1,0}, {1,0}, {1,0}, {1,0}, {1,0}, {1,0}, {1,0}, {1,0}, {1,0}, {1,0}, {1,0}, {1,0}, {1,0}, {1,0}, {1,0}};
la=2,ld=4,s=6
std::vector<std::vector<uint64_t>> data = {{0,0}, {0,0}, {0,0}, {0,0}, {0,0}, {1,15}, {1,15}, {1,15}, {1,15}, {1,15}, {1,15}, {1,15}, {1,15}, {1,15}, {1,15}, {1,15}, {1,15}, {1,15}, {1,15}, {1,15}, {1,15}, {1,15}, {1,15}, {1,15}, {1,15}, {1,15}, {1,15}, {1,15}, {1,15}, {1,0}, {1,0}, {1,0}, {1,0}, {1,0}, {1,0}, {1,0}, {1,0}, {1,0}, {1,0}, {1,0}, {1,0}, {1,0}, {1,0}, {1,0}, {1,0}, {1,0}, {1,0}, {1,0}, {1,0}, {1,0}, {1,0}, {1,0}, {1,0}, {1,0}, {1,0}, {1,0}, {1,0}, {1,0}, {1,0}, {1,0}, {1,0}, {1,0}, {1,0}, {1,0}};
la=2,ld=5,s=6
std::vector<std::vector<uint64_t>> data = {{0,0}, {0,0}, {0,0}, {0,0}, {0,0}, {1,30}, {1,30}, {1,30}, {1,29}, {1,29}, {1,29}, {1,29}, {1,29}, {1,29}, {1,29}, {1,29}, {1,30}, {1,30}, {1,30}, {1,30}, {1,30}, {1,30}, {1,30}, {1,30}, {1,30}, {1,31}, {1,31}, {1,31}, {1,31}, {1,31}, {1,31}, {1,31}, {1,31}, {1,31}, {1,31}, {1,0}, {1,0}, {1,0}, {1,0}, {1,0}, {1,0}, {1,0}, {1,0}, {1,0}, {1,0}, {1,0}, {1,0}, {1,0}, {1,0}, {1,0}, {1,0}, {1,0}, {1,0}, {1,0}, {1,0}, {1,0}, {1,0}, {1,0}, {1,0}, {1,0}, {1,0}, {1,0}, {1,0}, {1,0}};
la=2,ld=6,s=6
std::vector<std::vector<uint64_t>> data = {{0,0}, {0,0}, {0,0}, {0,0}, {0,0}, {1,60}, {1,60}, {1,59}, {1,59}, {1,59}, {1,59}, {1,59}, {1,59}, {1,59}, {1,59}, {1,59}, {1,59}, {1,59}, {1,59}, {1,60}, {1,60}, {1,60}, {1,60}, {1,61}, {1,61}, {1,61}, {1,61}, {1,62}, {1,62}, {1,62}, {1,62}, {1,62}, {1,63}, {1,63}, {1,63}, {1,63}, {1,63}, {1,63}, {1,63}, {1,63}, {1,0}, {1,0}, {1,0}, {1,0}, {1,0}, {1,0}, {1,0}, {1,0}, {1,0}, {1,0}, {1,0}, {1,0}, {1,0}, {1,0}, {1,0}, {1,0}, {1,0}, {1,0}, {1,0}, {1,0}, {1,0}, {1,0}, {1,0}, {1,0}};
la=2,ld=7,s=6
std::vector<std::vector<uint64_t>> data = {{0,0}, {0,0}, {0,0}, {0,0}, {0,0}, {1,120}, {1,119}, {1,118}, {1,118}, {1,118}, {1,117}, {1,117}, {1,117}, {1,117}, {1,117}, {1,118}, {1,118}, {1,118}, {1,119}, {1,119}, {1,120}, {1,120}, {1,121}, {1,121}, {1,122}, {1,122}, {1,123}, {1,123}, {1,124}, {1,124}, {1,125}, {1,125}, {1,125}, {1,126}, {1,126}, {1,126}, {1,126}, {1,127}, {1,127}, {1,127}, {1,127}, {1,127}, {1,127}, {1,127}, {1,0}, {1,0}, {1,0}, {1,0}, {1,0}, {1,0}, {1,0}, {1,0}, {1,0}, {1,0}, {1,0}, {1,0}, {1,0}, {1,0}, {1,0}, {1,0}, {1,0}, {1,0}, {1,0}, {1,0}};
la=2,ld=8,s=6
std::vector<std::vector<uint64_t>> data = {{0,0}, {0,0}, {0,0}, {0,0}, {0,0}, {1,240}, {1,238}, {1,237}, {1,236}, {1,235}, {1,235}, {1,234}, {1,234}, {1,234}, {1,235}, {1,235}, {1,236}, {1,237}, {1,238}, {1,239}, {1,240}, {1,241}, {1,242}, {1,243}, {1,244}, {1,245}, {1,246}, {1,247}, {1,247}, {1,248}, {1,249}, {1,250}, {1,251}, {1,251}, {1,252}, {1,252}, {1,253}, {1,253}, {1,254}, {1,254}, {1,254}, {1,254}, {1,255}, {1,255}, {1,255}, {1,255}, {1,255}, {1,255}, {1,0}, {1,0}, {1,0}, {1,0}, {1,0}, {1,0}, {1,0}, {1,0}, {1,0}, {1,0}, {1,0}, {1,0}, {1,0}, {1,0}, {1,0}, {1,0}};
la=2,ld=9,s=6
std::vector<std::vector<uint64_t>> data = {{0,0}, {0,0}, {0,0}, {0,0}, {0,0}, {1,480}, {1,476}, {1,474}, {1,472}, {1,470}, {1,469}, {1,469}, {1,469}, {1,469}, {1,470}, {1,471}, {1,472}, {1,474}, {1,475}, {1,477}, {1,479}, {1,481}, {1,483}, {1,485}, {1,487}, {1,489}, {1,491}, {1,493}, {1,495}, {1,497}, {1,498}, {1,500}, {1,501}, {1,502}, {1,503}, {1,504}, {1,505}, {1,506}, {1,507}, {1,508}, {1,508}, {1,509}, {1,509}, {1,510}, {1,510}, {1,510}, {1,511}, {1,511}, {1,511}, {1,511}, {1,511}, {1,511}, {1,0}, {1,0}, {1,0}, {1,0}, {1,0}, {1,0}, {1,0}, {1,0}, {1,0}, {1,0}, {1,0}, {1,0}};
la=2,ld=10,s=6
std::vector<std::vector<uint64_t>> data = {{0,0}, {0,0}, {0,0}, {0,0}, {0,0}, {1,960}, {1,953}, {1,947}, {1,943}, {1,940}, {1,938}, {1,937}, {1,937}, {1,938}, {1,939}, {1,942}, {1,944}, {1,947}, {1,951}, {1,954}, {1,958}, {1,962}, {1,967}, {1,971}, {1,975}, {1,979}, {1,983}, {1,986}, {1,990}, {1,993}, {1,996}, {1,999}, {1,1002}, {1,1005}, {1,1007}, {1,1009}, {1,1011}, {1,1013}, {1,1014}, {1,1015}, {1,1017}, {1,1018}, {1,1019}, {1,1019}, {1,1020}, {1,1021}, {1,1021}, {1,1022}, {1,1022}, {1,1022}, {1,1023}, {1,1023}, {1,1023}, {1,1023}, {1,1023}, {1,0}, {1,0}, {1,0}, {1,0}, {1,0}, {1,0}, {1,0}, {1,0}, {1,0}};
la=2,ld=11,s=6
std::vector<std::vector<uint64_t>> data = {{0,0}, {0,0}, {0,0}, {0,0}, {0,0}, {1,1920}, {1,1906}, {1,1895}, {1,1886}, {1,1880}, {1,1876}, {1,1874}, {1,1874}, {1,1876}, {1,1879}, {1,1883}, {1,1888}, {1,1895}, {1,1902}, {1,1909}, {1,1917}, {1,1925}, {1,1933}, {1,1941}, {1,1949}, {1,1957}, {1,1965}, {1,1973}, {1,1980}, {1,1986}, {1,1993}, {1,1999}, {1,2004}, {1,2009}, {1,2014}, {1,2018}, {1,2022}, {1,2025}, {1,2028}, {1,2031}, {1,2033}, {1,2035}, {1,2037}, {1,2039}, {1,2040}, {1,2041}, {1,2043}, {1,2043}, {1,2044}, {1,2045}, {1,2045}, {1,2046}, {1,2046}, {1,2047}, {1,2047}, {1,2047}, {1,2047}, {1,2047}, {1,0}, {1,0}, {1,0}, {1,0}, {1,0}, {1,0}};
la=2,ld=12,s=6
std::vector<std::vector<uint64_t>> data = {{0,0}, {0,0}, {0,0}, {0,0}, {0,0}, {1,3839}, {1,3812}, {1,3790}, {1,3773}, {1,3761}, {1,3753}, {1,3749}, {1,3749}, {1,3752}, {1,3758}, {1,3766}, {1,3777}, {1,3789}, {1,3803}, {1,3818}, {1,3834}, {1,3850}, {1,3866}, {1,3883}, {1,3899}, {1,3915}, {1,3930}, {1,3945}, {1,3959}, {1,3973}, {1,3985}, {1,3997}, {1,4008}, {1,4018}, {1,4027}, {1,4036}, {1,4043}, {1,4050}, {1,4056}, {1,4062}, {1,4066}, {1,4071}, {1,4074}, {1,4078}, {1,4081}, {1,4083}, {1,4085}, {1,4087}, {1,4088}, {1,4090}, {1,4091}, {1,4092}, {1,4093}, {1,4093}, {1,4094}, {1,4094}, {1,4094}, {1,4095}, {1,4095}, {1,4095}, {1,4095}, {1,0}, {1,0}, {1,0}};
la=2,ld=13,s=6
std::vector<std::vector<uint64_t>> data = {{0,0}, {0,0}, {0,0}, {0,0}, {0,0}, {1,7679}, {1,7624}, {1,7580}, {1,7546}, {1,7521}, {1,7505}, {1,7498}, {1,7497}, {1,7504}, {1,7516}, {1,7533}, {1,7554}, {1,7578}, {1,7606}, {1,7636}, {1,7667}, {1,7699}, {1,7732}, {1,7765}, {1,7798}, {1,7830}, {1,7861}, {1,7890}, {1,7919}, {1,7946}, {1,7971}, {1,7994}, {1,8016}, {1,8036}, {1,8055}, {1,8071}, {1,8087}, {1,8100}, {1,8112}, {1,8123}, {1,8133}, {1,8141}, {1,8149}, {1,8155}, {1,8161}, {1,8166}, {1,8170}, {1,8174}, {1,8177}, {1,8179}, {1,8182}, {1,8183}, {1,8185}, {1,8186}, {1,8187}, {1,8188}, {1,8189}, {1,8190}, {1,8190}, {1,8190}, {1,8191}, {1,8191}, {1,8191}, {1,8191}};
la=3,ld=2,s=6
std::vector<std::vector<uint64_t>> data = {{0,0}, {0,0}, {0,0}, {1,0}, {1,0}, {1,0}, {1,0}, {1,0}, {2,0}, {2,0}, {2,0}, {2,0}, {2,0}, {2,0}, {2,0}, {2,0}, {2,0}, {2,0}, {2,0}, {2,0}, {2,0}, {3,3}, {3,3}, {3,3}, {3,3}, {2,0}, {2,0}, {2,0}, {2,0}, {2,0}, {2,0}, {2,0}, {2,0}, {2,0}, {2,0}, {2,0}, {2,0}, {2,0}, {2,0}, {2,0}, {2,0}, {2,0}, {2,0}, {2,0}, {2,0}, {2,0}, {2,0}, {2,0}, {2,0}, {2,0}, {2,0}, {2,0}, {2,0}, {2,0}, {2,0}, {2,0}, {2,0}, {2,0}, {2,0}, {2,0}, {2,0}, {2,0}, {2,0}, {2,0}};
la=3,ld=3,s=6
std::vector<std::vector<uint64_t>> data = {{0,0}, {0,0}, {0,0}, {1,0}, {1,0}, {1,0}, {1,0}, {1,0}, {2,7}, {2,7}, {2,7}, {2,7}, {2,7}, {2,7}, {2,7}, {2,7}, {2,7}, {2,7}, {2,7}, {2,7}, {2,7}, {3,6}, {3,6}, {3,6}, {3,6}, {2,0}, {2,0}, {2,0}, {2,0}, {2,0}, {2,0}, {2,0}, {2,0}, {2,0}, {2,0}, {2,0}, {2,0}, {2,0}, {2,0}, {2,0}, {2,0}, {2,0}, {2,0}, {2,0}, {2,0}, {2,0}, {2,0}, {2,0}, {2,0}, {2,0}, {2,0}, {2,0}, {2,0}, {2,0}, {2,0}, {2,0}, {2,0}, {2,0}, {2,0}, {2,0}, {2,0}, {2,0}, {2,0}, {2,0}};
la=3,ld=4,s=6
std::vector<std::vector<uint64_t>> data = {{0,0}, {0,0}, {0,0}, {1,0}, {1,0}, {1,0}, {1,0}, {1,0}, {2,15}, {2,15}, {2,15}, {2,15}, {2,15}, {2,15}, {2,15}, {2,15}, {2,15}, {2,15}, {2,15}, {2,15}, {2,15}, {3,12}, {3,12}, {3,12}, {3,12}, {2,15}, {2,15}, {2,15}, {2,15}, {2,0}, {2,0}, {2,0}, {2,0}, {2,0}, {2,0}, {2,0}, {2,0}, {2,0}, {2,0}, {2,0}, {2,0}, {2,0}, {2,0}, {2,0}, {2,0}, {2,0}, {2,0}, {2,0}, {2,0}, {2,0}, {2,0}, {2,0}, {2,0}, {2,0}, {2,0}, {2,0}, {2,0}, {2,0}, {2,0}, {2,0}, {2,0}, {2,0}, {2,0}, {2,0}};
la=3,ld=5,s=6
std::vector<std::vector<uint64_t>> data = {{0,0}, {0,0}, {0,0}, {1,31}, {1,31}, {1,31}, {1,31}, {1,31}, {2,29}, {2,29}, {2,29}, {2,29}, {2,29}, {2,29}, {2,29}, {2,29}, {2,30}, {2,30}, {2,30}, {2,30}, {2,30}, {3,25}, {3,25}, {3,24}, {3,24}, {2,31}, {2,31}, {2,31}, {2,31}, {2,31}, {2,31}, {2,31}, {2,31}, {2,31}, {2,31}, {2,0}, {2,0}, {2,0}, {2,0}, {2,0}, {2,0}, {2,0}, {2,0}, {2,0}, {2,0}, {2,0}, {2,0}, {2,0}, {2,0}, {2,0}, {2,0}, {2,0}, {2,0}, {2,0}, {2,0}, {2,0}, {2,0}, {2,0}, {2,0}, {2,0}, {2,0}, {2,0}, {2,0}, {2,0}};
la=3,ld=6,s=6
std::vector<std::vector<uint64_t>> data = {{0,0}, {0,0}, {0,0}, {1,63}, {1,63}, {1,63}, {1,63}, {1,63}, {2,59}, {2,59}, {2,59}, {2,59}, {2,59}, {2,59}, {2,59}, {2,59}, {2,59}, {2,59}, {2,59}, {2,60}, {2,60}, {3,49}, {3,49}, {3,49}, {3,49}, {2,61}, {2,61}, {2,62}, {2,62}, {2,62}, {2,62}, {2,62}, {2,63}, {2,63}, {2,63}, {2,63}, {2,63}, {2,63}, {2,63}, {2,63}, {2,0}, {2,0}, {2,0}, {2,0}, {2,0}, {2,0}, {2,0}, {2,0}, {2,0}, {2,0}, {2,0}, {2,0}, {2,0}, {2,0}, {2,0}, {2,0}, {2,0}, {2,0}, {2,0}, {2,0}, {2,0}, {2,0}, {2,0}, {2,0}};
la=3,ld=7,s=6
std::vector<std::vector<uint64_t>> data = {{0,0}, {0,0}, {0,0}, {1,126}, {1,126}, {1,125}, {1,126}, {1,126}, {2,118}, {2,118}, {2,117}, {2,117}, {2,117}, {2,117}, {2,117}, {2,118}, {2,118}, {2,118}, {2,119}, {2,119}, {2,120}, {3,99}, {3,98}, {3,98}, {3,97}, {2,122}, {2,123}, {2,123}, {2,124}, {2,124}, {2,125}, {2,125}, {2,125}, {2,126}, {2,126}, {2,126}, {2,126}, {2,127}, {2,127}, {2,127}, {2,127}, {2,127}, {2,127}, {2,127}, {2,0}, {2,0}, {2,0}, {2,0}, {2,0}, {2,0}, {2,0}, {2,0}, {2,0}, {2,0}, {2,0}, {2,0}, {2,0}, {2,0}, {2,0}, {2,0}, {2,0}, {2,0}, {2,0}, {2,0}};
la=3,ld=8,s=6
std::vector<std::vector<uint64_t>> data = {{0,0}, {0,0}, {0,0}, {1,251}, {1,251}, {1,251}, {1,251}, {1,252}, {2,236}, {2,235}, {2,235}, {2,234}, {2,234}, {2,234}, {2,235}, {2,235}, {2,236}, {2,237}, {2,238}, {2,239}, {2,240}, {3,198}, {3,197}, {3,196}, {3,195}, {2,245}, {2,246}, {2,247}, {2,247}, {2,248}, {2,249}, {2,250}, {2,251}, {2,251}, {2,252}, {2,252}, {2,253}, {2,253}, {2,254}, {2,254}, {2,254}, {2,254}, {2,255}, {2,255}, {2,255}, {2,255}, {2,255}, {2,255}, {2,0}, {2,0}, {2,0}, {2,0}, {2,0}, {2,0}, {2,0}, {2,0}, {2,0}, {2,0}, {2,0}, {2,0}, {2,0}, {2,0}, {2,0}, {2,0}};
la=3,ld=9,s=6
std::vector<std::vector<uint64_t>> data = {{0,0}, {0,0}, {0,0}, {1,503}, {1,502}, {1,502}, {1,502}, {1,504}, {2,472}, {2,470}, {2,469}, {2,469}, {2,469}, {2,469}, {2,470}, {2,471}, {2,472}, {2,474}, {2,475}, {2,477}, {2,479}, {3,395}, {3,393}, {3,391}, {3,389}, {2,489}, {2,491}, {2,493}, {2,495}, {2,497}, {2,498}, {2,500}, {2,501}, {2,502}, {2,503}, {2,504}, {2,505}, {2,506}, {2,507}, {2,508}, {2,508}, {2,509}, {2,509}, {2,510}, {2,510}, {2,510}, {2,511}, {2,511}, {2,511}, {2,511}, {2,511}, {2,511}, {2,0}, {2,0}, {2,0}, {2,0}, {2,0}, {2,0}, {2,0}, {2,0}, {2,0}, {2,0}, {2,0}, {2,0}};
la=3,ld=10,s=6
std::vector<std::vector<uint64_t>> data = {{0,0}, {0,0}, {0,0}, {1,1006}, {1,1004}, {1,1004}, {1,1005}, {1,1007}, {2,943}, {2,940}, {2,938}, {2,937}, {2,937}, {2,938}, {2,939}, {2,942}, {2,944}, {2,947}, {2,951}, {2,954}, {2,958}, {3,790}, {3,787}, {3,783}, {3,779}, {2,979}, {2,983}, {2,986}, {2,990}, {2,993}, {2,996}, {2,999}, {2,1002}, {2,1005}, {2,1007}, {2,1009}, {2,1011}, {2,1013}, {2,1014}, {2,1015}, {2,1017}, {2,1018}, {2,1019}, {2,1019}, {2,1020}, {2,1021}, {2,1021}, {2,1022}, {2,1022}, {2,1022}, {2,1023}, {2,1023}, {2,1023}, {2,1023}, {2,1023}, {2,0}, {2,0}, {2,0}, {2,0}, {2,0}, {2,0}, {2,0}, {2,0}, {2,0}};
la=3,ld=11,s=6
std::vector<std::vector<uint64_t>> data = {{0,0}, {0,0}, {0,0}, {1,2012}, {1,2008}, {1,2008}, {1,2010}, {1,2015}, {2,1886}, {2,1880}, {2,1876}, {2,1874}, {2,1874}, {2,1876}, {2,1879}, {2,1883}, {2,1888}, {2,1895}, {2,1902}, {2,1909}, {2,1917}, {3,1581}, {3,1573}, {3,1565}, {3,1557}, {2,1957}, {2,1965}, {2,1973}, {2,1980}, {2,1986}, {2,1993}, {2,1999}, {2,2004}, {2,2009}, {2,2014}, {2,2018}, {2,2022}, {2,2025}, {2,2028}, {2,2031}, {2,2033}, {2,2035}, {2,2037}, {2,2039}, {2,2040}, {2,2041}, {2,2043}, {2,2043}, {2,2044}, {2,2045}, {2,2045}, {2,2046}, {2,2046}, {2,2047}, {2,2047}, {2,2047}, {2,2047}, {2,2047}, {2,0}, {2,0}, {2,0}, {2,0}, {2,0}, {2,0}};
la=3,ld=12,s=6
std::vector<std::vector<uint64_t>> data = {{0,0}, {0,0}, {0,0}, {1,4024}, {1,4017}, {1,4015}, {1,4020}, {1,4030}, {2,3773}, {2,3761}, {2,3753}, {2,3749}, {2,3749}, {2,3752}, {2,3758}, {2,3766}, {2,3777}, {2,3789}, {2,3803}, {2,3818}, {2,3834}, {3,3162}, {3,3146}, {3,3131}, {3,3115}, {2,3915}, {2,3930}, {2,3945}, {2,3959}, {2,3973}, {2,3985}, {2,3997}, {2,4008}, {2,4018}, {2,4027}, {2,4036}, {2,4043}, {2,4050}, {2,4056}, {2,4062}, {2,4066}, {2,4071}, {2,4074}, {2,4078}, {2,4081}, {2,4083}, {2,4085}, {2,4087}, {2,4088}, {2,4090}, {2,4091}, {2,4092}, {2,4093}, {2,4093}, {2,4094}, {2,4094}, {2,4094}, {2,4095}, {2,4095}, {2,4095}, {2,4095}, {2,0}, {2,0}, {2,0}};
la=3,ld=13,s=6
std::vector<std::vector<uint64_t>> data = {{0,0}, {0,0}, {0,0}, {1,8047}, {1,8033}, {1,8031}, {1,8040}, {1,8060}, {2,7546}, {2,7521}, {2,7505}, {2,7498}, {2,7497}, {2,7504}, {2,7516}, {2,7533}, {2,7554}, {2,7578}, {2,7606}, {2,7636}, {2,7667}, {3,6323}, {3,6292}, {3,6261}, {3,6230}, {2,7830}, {2,7861}, {2,7890}, {2,7919}, {2,7946}, {2,7971}, {2,7994}, {2,8016}, {2,8036}, {2,8055}, {2,8071}, {2,8087}, {2,8100}, {2,8112}, {2,8123}, {2,8133}, {2,8141}, {2,8149}, {2,8155}, {2,8161}, {2,8166}, {2,8170}, {2,8174}, {2,8177}, {2,8179}, {2,8182}, {2,8183}, {2,8185}, {2,8186}, {2,8187}, {2,8188}, {2,8189}, {2,8190}, {2,8190}, {2,8190}, {2,8191}, {2,8191}, {2,8191}, {2,8191}};
la=4,ld=2,s=6
std::vector<std::vector<uint64_t>> data = {{0,0}, {1,0}, {1,0}, {1,0}, {2,0}, {2,0}, {2,0}, {3,0}, {3,0}, {3,0}, {4,0}, {4,0}, {4,0}, {4,0}, {4,0}, {5,3}, {5,3}, {5,3}, {5,3}, {5,3}, {5,3}, {5,3}, {5,3}, {5,3}, {5,3}, {5,3}, {5,3}, {5,3}, {5,3}, {5,3}, {5,3}, {5,3}, {5,3}, {5,3}, {5,3}, {4,0}, {4,0}, {4,0}, {4,0}, {4,0}, {4,0}, {4,0}, {4,0}, {4,0}, {4,0}, {4,0}, {4,0}, {4,0}, {4,0}, {4,0}, {4,0}, {4,0}, {4,0}, {4,0}, {4,0}, {4,0}, {4,0}, {4,0}, {4,0}, {4,0}, {4,0}, {4,0}, {4,0}, {4,0}};
la=4,ld=3,s=6
std::vector<std::vector<uint64_t>> data = {{0,0}, {1,0}, {1,0}, {1,0}, {2,0}, {2,0}, {2,0}, {3,0}, {3,0}, {3,0}, {4,7}, {4,7}, {4,7}, {4,7}, {4,7}, {5,7}, {5,7}, {5,7}, {5,7}, {5,7}, {5,7}, {5,7}, {5,7}, {5,7}, {5,7}, {5,7}, {5,7}, {5,7}, {5,7}, {5,7}, {5,7}, {5,7}, {5,7}, {5,7}, {5,7}, {4,0}, {4,0}, {4,0}, {4,0}, {4,0}, {4,0}, {4,0}, {4,0}, {4,0}, {4,0}, {4,0}, {4,0}, {4,0}, {4,0}, {4,0}, {4,0}, {4,0}, {4,0}, {4,0}, {4,0}, {4,0}, {4,0}, {4,0}, {4,0}, {4,0}, {4,0}, {4,0}, {4,0}, {4,0}};
la=4,ld=4,s=6
std::vector<std::vector<uint64_t>> data = {{0,0}, {1,0}, {1,0}, {1,0}, {2,0}, {2,0}, {2,0}, {3,15}, {3,15}, {3,15}, {4,15}, {4,15}, {4,15}, {4,15}, {4,15}, {5,14}, {5,14}, {5,14}, {5,14}, {5,14}, {5,14}, {5,14}, {5,14}, {5,14}, {5,14}, {5,14}, {5,14}, {5,14}, {5,14}, {5,14}, {5,14}, {5,14}, {5,14}, {5,14}, {5,14}, {4,0}, {4,0}, {4,0}, {4,0}, {4,0}, {4,0}, {4,0}, {4,0}, {4,0}, {4,0}, {4,0}, {4,0}, {4,0}, {4,0}, {4,0}, {4,0}, {4,0}, {4,0}, {4,0}, {4,0}, {4,0}, {4,0}, {4,0}, {4,0}, {4,0}, {4,0}, {4,0}, {4,0}, {4,0}};
la=4,ld=5,s=6
std::vector<std::vector<uint64_t>> data = {{0,0}, {1,0}, {1,0}, {1,0}, {2,31}, {2,31}, {2,31}, {3,31}, {3,31}, {3,31}, {4,29}, {4,29}, {4,29}, {4,29}, {4,29}, {5,27}, {5,27}, {5,27}, {5,27}, {5,27}, {5,27}, {5,27}, {5,27}, {5,27}, {5,27}, {5,27}, {5,27}, {5,27}, {5,27}, {5,27}, {5,27}, {5,27}, {5,27}, {5,27}, {5,27}, {4,0}, {4,0}, {4,0}, {4,0}, {4,0}, {4,0}, {4,0}, {4,0}, {4,0}, {4,0}, {4,0}, {4,0}, {4,0}, {4,0}, {4,0}, {4,0}, {4,0}, {4,0}, {4,0}, {4,0}, {4,0}, {4,0}, {4,0}, {4,0}, {4,0}, {4,0}, {4,0}, {4,0}, {4,0}};
la=4,ld=6,s=6
std::vector<std::vector<uint64_t>> data = {{0,0}, {1,0}, {1,0}, {1,0}, {2,63}, {2,63}, {2,63}, {3,61}, {3,61}, {3,61}, {4,59}, {4,59}, {4,59}, {4,59}, {4,59}, {5,55}, {5,55}, {5,55}, {5,55}, {5,55}, {5,55}, {5,55}, {5,55}, {5,55}, {5,55}, {5,55}, {5,55}, {5,55}, {5,55}, {5,55}, {5,55}, {5,55}, {5,55}, {5,54}, {5,54}, {4,63}, {4,63}, {4,63}, {4,63}, {4,63}, {4,0}, {4,0}, {4,0}, {4,0}, {4,0}, {4,0}, {4,0}, {4,0}, {4,0}, {4,0}, {4,0}, {4,0}, {4,0}, {4,0}, {4,0}, {4,0}, {4,0}, {4,0}, {4,0}, {4,0}, {4,0}, {4,0}, {4,0}, {4,0}};
la=4,ld=7,s=6
std::vector<std::vector<uint64_t>> data = {{0,0}, {1,127}, {1,127}, {1,127}, {2,126}, {2,125}, {2,126}, {3,122}, {3,122}, {3,122}, {4,117}, {4,117}, {4,117}, {4,117}, {4,117}, {5,110}, {5,110}, {5,110}, {5,110}, {5,110}, {5,110}, {5,110}, {5,110}, {5,110}, {5,110}, {5,110}, {5,110}, {5,110}, {5,109}, {5,109}, {5,109}, {5,109}, {5,109}, {5,109}, {5,109}, {4,126}, {4,126}, {4,127}, {4,127}, {4,127}, {4,127}, {4,127}, {4,127}, {4,127}, {4,0}, {4,0}, {4,0}, {4,0}, {4,0}, {4,0}, {4,0}, {4,0}, {4,0}, {4,0}, {4,0}, {4,0}, {4,0}, {4,0}, {4,0}, {4,0}, {4,0}, {4,0}, {4,0}, {4,0}};
la=4,ld=8,s=6
std::vector<std::vector<uint64_t>> data = {{0,0}, {1,255}, {1,255}, {1,255}, {2,251}, {2,251}, {2,251}, {3,244}, {3,244}, {3,245}, {4,235}, {4,234}, {4,234}, {4,234}, {4,235}, {5,220}, {5,220}, {5,219}, {5,219}, {5,219}, {5,219}, {5,219}, {5,219}, {5,219}, {5,219}, {5,219}, {5,219}, {5,219}, {5,219}, {5,219}, {5,219}, {5,218}, {5,218}, {5,218}, {5,217}, {4,252}, {4,253}, {4,253}, {4,254}, {4,254}, {4,254}, {4,254}, {4,255}, {4,255}, {4,255}, {4,255}, {4,255}, {4,255}, {4,0}, {4,0}, {4,0}, {4,0}, {4,0}, {4,0}, {4,0}, {4,0}, {4,0}, {4,0}, {4,0}, {4,0}, {4,0}, {4,0}, {4,0}, {4,0}};
la=4,ld=9,s=6
std::vector<std::vector<uint64_t>> data = {{0,0}, {1,510}, {1,510}, {1,510}, {2,502}, {2,502}, {2,502}, {3,489}, {3,489}, {3,489}, {4,469}, {4,469}, {4,469}, {4,469}, {4,470}, {5,440}, {5,439}, {5,439}, {5,438}, {5,438}, {5,438}, {5,438}, {5,438}, {5,438}, {5,438}, {5,438}, {5,438}, {5,438}, {5,438}, {5,438}, {5,437}, {5,437}, {5,436}, {5,435}, {5,434}, {4,504}, {4,505}, {4,506}, {4,507}, {4,508}, {4,508}, {4,509}, {4,509}, {4,510}, {4,510}, {4,510}, {4,511}, {4,511}, {4,511}, {4,511}, {4,511}, {4,511}, {4,0}, {4,0}, {4,0}, {4,0}, {4,0}, {4,0}, {4,0}, {4,0}, {4,0}, {4,0}, {4,0}, {4,0}};
la=4,ld=10,s=6
std::vector<std::vector<uint64_t>> data = {{0,0}, {1,1020}, {1,1019}, {1,1020}, {2,1004}, {2,1004}, {2,1005}, {3,977}, {3,977}, {3,978}, {4,938}, {4,937}, {4,937}, {4,938}, {4,939}, {5,880}, {5,878}, {5,877}, {5,877}, {5,876}, {5,876}, {5,876}, {5,877}, {5,877}, {5,877}, {5,877}, {5,877}, {5,876}, {5,876}, {5,875}, {5,874}, {5,873}, {5,872}, {5,871}, {5,869}, {4,1009}, {4,1011}, {4,1013}, {4,1014}, {4,1015}, {4,1017}, {4,1018}, {4,1019}, {4,1019}, {4,1020}, {4,1021}, {4,1021}, {4,1022}, {4,1022}, {4,1022}, {4,1023}, {4,1023}, {4,1023}, {4,1023}, {4,1023}, {4,0}, {4,0}, {4,0}, {4,0}, {4,0}, {4,0}, {4,0}, {4,0}, {4,0}};
la=4,ld=11,s=6
std::vector<std::vector<uint64_t>> data = {{0,0}, {1,2040}, {1,2038}, {1,2040}, {2,2008}, {2,2008}, {2,2010}, {3,1955}, {3,1954}, {3,1956}, {4,1876}, {4,1874}, {4,1874}, {4,1876}, {4,1879}, {5,1759}, {5,1756}, {5,1755}, {5,1754}, {5,1753}, {5,1753}, {5,1753}, {5,1753}, {5,1753}, {5,1753}, {5,1753}, {5,1753}, {5,1753}, {5,1752}, {5,1750}, {5,1749}, {5,1747}, {5,1744}, {5,1741}, {5,1738}, {4,2018}, {4,2022}, {4,2025}, {4,2028}, {4,2031}, {4,2033}, {4,2035}, {4,2037}, {4,2039}, {4,2040}, {4,2041}, {4,2043}, {4,2043}, {4,2044}, {4,2045}, {4,2045}, {4,2046}, {4,2046}, {4,2047}, {4,2047}, {4,2047}, {4,2047}, {4,2047}, {4,0}, {4,0}, {4,0}, {4,0}, {4,0}, {4,0}};
la=4,ld=12,s=6
std::vector<std::vector<uint64_t>> data = {{0,0}, {1,4080}, {1,4076}, {1,4080}, {2,4017}, {2,4015}, {2,4020}, {3,3910}, {3,3909}, {3,3913}, {4,3753}, {4,3749}, {4,3749}, {4,3752}, {4,3758}, {5,3518}, {5,3513}, {5,3509}, {5,3507}, {5,3506}, {5,3505}, {5,3506}, {5,3506}, {5,3507}, {5,3507}, {5,3507}, {5,3506}, {5,3505}, {5,3503}, {5,3501}, {5,3497}, {5,3493}, {5,3488}, {5,3482}, {5,3475}, {4,4036}, {4,4043}, {4,4050}, {4,4056}, {4,4062}, {4,4066}, {4,4071}, {4,4074}, {4,4078}, {4,4081}, {4,4083}, {4,4085}, {4,4087}, {4,4088}, {4,4090}, {4,4091}, {4,4092}, {4,4093}, {4,4093}, {4,4094}, {4,4094}, {4,4094}, {4,4095}, {4,4095}, {4,4095}, {4,4095}, {4,0}, {4,0}, {4,0}};
la=4,ld=13,s=6
std::vector<std::vector<uint64_t>> data = {{0,0}, {1,8160}, {1,8153}, {1,8159}, {2,8033}, {2,8031}, {2,8040}, {3,7820}, {3,7817}, {3,7825}, {4,7505}, {4,7498}, {4,7497}, {4,7504}, {4,7516}, {5,7037}, {5,7026}, {5,7018}, {5,7014}, {5,7012}, {5,7011}, {5,7011}, {5,7012}, {5,7013}, {5,7014}, {5,7014}, {5,7013}, {5,7010}, {5,7007}, {5,7002}, {5,6995}, {5,6986}, {5,6976}, {5,6964}, {5,6951}, {4,8071}, {4,8087}, {4,8100}, {4,8112}, {4,8123}, {4,8133}, {4,8141}, {4,8149}, {4,8155}, {4,8161}, {4,8166}, {4,8170}, {4,8174}, {4,8177}, {4,8179}, {4,8182}, {4,8183}, {4,8185}, {4,8186}, {4,8187}, {4,8188}, {4,8189}, {4,8190}, {4,8190}, {4,8190}, {4,8191}, {4,8191}, {4,8191}, {4,8191}};
la=5,ld=2,s=6
std::vector<std::vector<uint64_t>> data = {{0,0}, {1,0}, {2,0}, {3,0}, {3,0}, {4,0}, {5,0}, {6,0}, {6,0}, {7,0}, {7,0}, {8,0}, {8,0}, {9,0}, {9,0}, {9,0}, {9,0}, {10,3}, {10,3}, {10,3}, {10,3}, {10,3}, {10,3}, {10,3}, {10,3}, {10,3}, {10,3}, {10,3}, {10,3}, {10,3}, {10,3}, {9,0}, {9,0}, {9,0}, {9,0}, {9,0}, {9,0}, {9,0}, {9,0}, {9,0}, {9,0}, {8,0}, {8,0}, {8,0}, {8,0}, {8,0}, {8,0}, {8,0}, {8,0}, {8,0}, {8,0}, {8,0}, {8,0}, {8,0}, {8,0}, {8,0}, {8,0}, {8,0}, {8,0}, {8,0}, {8,0}, {8,0}, {8,0}, {8,0}};
la=5,ld=3,s=6
std::vector<std::vector<uint64_t>> data = {{0,0}, {1,0}, {2,0}, {3,0}, {3,0}, {4,0}, {5,0}, {6,0}, {6,0}, {7,7}, {7,7}, {8,7}, {8,7}, {9,7}, {9,7}, {9,7}, {9,7}, {10,7}, {10,7}, {10,7}, {10,7}, {10,7}, {10,7}, {10,7}, {10,7}, {10,7}, {10,7}, {10,7}, {10,7}, {10,7}, {10,7}, {9,7}, {9,7}, {9,7}, {9,7}, {9,7}, {9,7}, {9,7}, {9,7}, {9,7}, {9,7}, {8,0}, {8,0}, {8,0}, {8,0}, {8,0}, {8,0}, {8,0}, {8,0}, {8,0}, {8,0}, {8,0}, {8,0}, {8,0}, {8,0}, {8,0}, {8,0}, {8,0}, {8,0}, {8,0}, {8,0}, {8,0}, {8,0}, {8,0}};
la=5,ld=4,s=6
std::vector<std::vector<uint64_t>> data = {{0,0}, {1,0}, {2,0}, {3,0}, {3,0}, {4,0}, {5,15}, {6,15}, {6,15}, {7,15}, {7,15}, {8,15}, {8,15}, {9,14}, {9,14}, {9,14}, {9,14}, {10,14}, {10,14}, {10,14}, {10,14}, {10,14}, {10,14}, {10,14}, {10,14}, {10,14}, {10,14}, {10,14}, {10,14}, {10,14}, {10,14}, {9,15}, {9,15}, {9,15}, {9,15}, {9,15}, {9,15}, {9,15}, {9,15}, {9,15}, {9,15}, {8,0}, {8,0}, {8,0}, {8,0}, {8,0}, {8,0}, {8,0}, {8,0}, {8,0}, {8,0}, {8,0}, {8,0}, {8,0}, {8,0}, {8,0}, {8,0}, {8,0}, {8,0}, {8,0}, {8,0}, {8,0}, {8,0}, {8,0}};
la=5,ld=5,s=6
std::vector<std::vector<uint64_t>> data = {{0,0}, {1,0}, {2,0}, {3,0}, {3,0}, {4,31}, {5,31}, {6,31}, {6,31}, {7,30}, {7,30}, {8,29}, {8,29}, {9,28}, {9,28}, {9,28}, {9,28}, {10,27}, {10,27}, {10,27}, {10,27}, {10,27}, {10,27}, {10,27}, {10,27}, {10,27}, {10,27}, {10,27}, {10,27}, {10,27}, {10,27}, {9,29}, {9,29}, {9,29}, {9,29}, {9,29}, {9,29}, {9,29}, {9,29}, {9,29}, {9,29}, {8,0}, {8,0}, {8,0}, {8,0}, {8,0}, {8,0}, {8,0}, {8,0}, {8,0}, {8,0}, {8,0}, {8,0}, {8,0}, {8,0}, {8,0}, {8,0}, {8,0}, {8,0}, {8,0}, {8,0}, {8,0}, {8,0}, {8,0}};
la=5,ld=6,s=6
std::vector<std::vector<uint64_t>> data = {{0,0}, {1,0}, {2,0}, {3,63}, {3,63}, {4,63}, {5,62}, {6,61}, {6,61}, {7,60}, {7,60}, {8,59}, {8,59}, {9,57}, {9,57}, {9,57}, {9,57}, {10,55}, {10,55}, {10,55}, {10,55}, {10,55}, {10,55}, {10,55}, {10,55}, {10,55}, {10,55}, {10,55}, {10,55}, {10,55}, {10,55}, {9,59}, {9,59}, {9,59}, {9,59}, {9,59}, {9,59}, {9,59}, {9,59}, {9,59}, {9,58}, {8,0}, {8,0}, {8,0}, {8,0}, {8,0}, {8,0}, {8,0}, {8,0}, {8,0}, {8,0}, {8,0}, {8,0}, {8,0}, {8,0}, {8,0}, {8,0}, {8,0}, {8,0}, {8,0}, {8,0}, {8,0}, {8,0}, {8,0}};
la=5,ld=7,s=6
std::vector<std::vector<uint64_t>> data = {{0,0}, {1,0}, {2,127}, {3,127}, {3,127}, {4,125}, {5,124}, {6,122}, {6,122}, {7,120}, {7,120}, {8,117}, {8,117}, {9,114}, {9,114}, {9,114}, {9,114}, {10,110}, {10,110}, {10,110}, {10,110}, {10,110}, {10,110}, {10,110}, {10,110}, {10,110}, {10,110}, {10,110}, {10,109}, {10,109}, {10,109}, {9,117}, {9,117}, {9,117}, {9,117}, {9,117}, {9,117}, {9,117}, {9,117}, {9,117}, {9,117}, {8,127}, {8,127}, {8,127}, {8,0}, {8,0}, {8,0}, {8,0}, {8,0}, {8,0}, {8,0}, {8,0}, {8,0}, {8,0}, {8,0}, {8,0}, {8,0}, {8,0}, {8,0}, {8,0}, {8,0}, {8,0}, {8,0}, {8,0}};
la=5,ld=8,s=6
std::vector<std::vector<uint64_t>> data = {{0,0}, {1,0}, {2,255}, {3,253}, {3,253}, {4,251}, {5,248}, {6,244}, {6,244}, {7,240}, {7,240}, {8,234}, {8,234}, {9,228}, {9,228}, {9,228}, {9,228}, {10,219}, {10,219}, {10,219}, {10,219}, {10,219}, {10,219}, {10,219}, {10,219}, {10,219}, {10,219}, {10,219}, {10,219}, {10,219}, {10,219}, {9,234}, {9,234}, {9,234}, {9,234}, {9,234}, {9,234}, {9,234}, {9,234}, {9,234}, {9,234}, {8,254}, {8,255}, {8,255}, {8,255}, {8,255}, {8,255}, {8,255}, {8,0}, {8,0}, {8,0}, {8,0}, {8,0}, {8,0}, {8,0}, {8,0}, {8,0}, {8,0}, {8,0}, {8,0}, {8,0}, {8,0}, {8,0}, {8,0}};
la=5,ld=9,s=6
std::vector<std::vector<uint64_t>> data = {{0,0}, {1,511}, {2,510}, {3,506}, {3,507}, {4,502}, {5,496}, {6,489}, {6,489}, {7,480}, {7,480}, {8,469}, {8,469}, {9,455}, {9,455}, {9,455}, {9,456}, {10,439}, {10,438}, {10,438}, {10,438}, {10,438}, {10,438}, {10,438}, {10,438}, {10,438}, {10,438}, {10,438}, {10,438}, {10,438}, {10,437}, {9,468}, {9,469}, {9,469}, {9,469}, {9,469}, {9,469}, {9,469}, {9,469}, {9,468}, {9,468}, {8,509}, {8,509}, {8,510}, {8,510}, {8,510}, {8,511}, {8,511}, {8,511}, {8,511}, {8,511}, {8,511}, {8,0}, {8,0}, {8,0}, {8,0}, {8,0}, {8,0}, {8,0}, {8,0}, {8,0}, {8,0}, {8,0}, {8,0}};
la=5,ld=10,s=6
std::vector<std::vector<uint64_t>> data = {{0,0}, {1,1023}, {2,1019}, {3,1013}, {3,1013}, {4,1004}, {5,992}, {6,977}, {6,977}, {7,959}, {7,959}, {8,937}, {8,937}, {9,911}, {9,910}, {9,911}, {9,911}, {10,877}, {10,877}, {10,876}, {10,876}, {10,876}, {10,877}, {10,877}, {10,877}, {10,877}, {10,877}, {10,876}, {10,876}, {10,875}, {10,874}, {9,936}, {9,937}, {9,938}, {9,938}, {9,938}, {9,938}, {9,938}, {9,937}, {9,936}, {9,936}, {8,1018}, {8,1019}, {8,1019}, {8,1020}, {8,1021}, {8,1021}, {8,1022}, {8,1022}, {8,1022}, {8,1023}, {8,1023}, {8,1023}, {8,1023}, {8,1023}, {8,0}, {8,0}, {8,0}, {8,0}, {8,0}, {8,0}, {8,0}, {8,0}, {8,0}};
la=5,ld=11,s=6
std::vector<std::vector<uint64_t>> data = {{0,0}, {1,2046}, {2,2038}, {3,2026}, {3,2026}, {4,2008}, {5,1984}, {6,1955}, {6,1954}, {7,1918}, {7,1918}, {8,1874}, {8,1874}, {9,1822}, {9,1821}, {9,1821}, {9,1822}, {10,1755}, {10,1754}, {10,1753}, {10,1753}, {10,1753}, {10,1753}, {10,1753}, {10,1753}, {10,1753}, {10,1753}, {10,1753}, {10,1752}, {10,1750}, {10,1749}, {9,1873}, {9,1874}, {9,1875}, {9,1876}, {9,1876}, {9,1876}, {9,1875}, {9,1874}, {9,1873}, {9,1871}, {8,2035}, {8,2037}, {8,2039}, {8,2040}, {8,2041}, {8,2043}, {8,2043}, {8,2044}, {8,2045}, {8,2045}, {8,2046}, {8,2046}, {8,2047}, {8,2047}, {8,2047}, {8,2047}, {8,2047}, {8,0}, {8,0}, {8,0}, {8,0}, {8,0}, {8,0}};
la=5,ld=12,s=6
std::vector<std::vector<uint64_t>> data = {{0,0}, {1,4092}, {2,4076}, {3,4052}, {3,4053}, {4,4015}, {5,3968}, {6,3910}, {6,3909}, {7,3837}, {7,3837}, {8,3749}, {8,3749}, {9,3644}, {9,3642}, {9,3642}, {9,3645}, {10,3509}, {10,3507}, {10,3506}, {10,3505}, {10,3506}, {10,3506}, {10,3507}, {10,3507}, {10,3507}, {10,3506}, {10,3505}, {10,3503}, {10,3501}, {10,3497}, {9,3745}, {9,3748}, {9,3750}, {9,3751}, {9,3752}, {9,3751}, {9,3750}, {9,3748}, {9,3746}, {9,3742}, {8,4071}, {8,4074}, {8,4078}, {8,4081}, {8,4083}, {8,4085}, {8,4087}, {8,4088}, {8,4090}, {8,4091}, {8,4092}, {8,4093}, {8,4093}, {8,4094}, {8,4094}, {8,4094}, {8,4095}, {8,4095}, {8,4095}, {8,4095}, {8,0}, {8,0}, {8,0}};
la=5,ld=13,s=6
std::vector<std::vector<uint64_t>> data = {{0,0}, {1,8184}, {2,8153}, {3,8103}, {3,8105}, {4,8031}, {5,7935}, {6,7820}, {6,7817}, {7,7673}, {7,7673}, {8,7498}, {8,7497}, {9,7288}, {9,7283}, {9,7285}, {9,7290}, {10,7018}, {10,7014}, {10,7012}, {10,7011}, {10,7011}, {10,7012}, {10,7013}, {10,7014}, {10,7014}, {10,7013}, {10,7010}, {10,7007}, {10,7002}, {10,6995}, {9,7490}, {9,7496}, {9,7500}, {9,7503}, {9,7503}, {9,7503}, {9,7500}, {9,7496}, {9,7491}, {9,7485}, {8,8141}, {8,8149}, {8,8155}, {8,8161}, {8,8166}, {8,8170}, {8,8174}, {8,8177}, {8,8179}, {8,8182}, {8,8183}, {8,8185}, {8,8186}, {8,8187}, {8,8188}, {8,8189}, {8,8190}, {8,8190}, {8,8190}, {8,8191}, {8,8191}, {8,8191}, {8,8191}};
la=6,ld=2,s=6
std::vector<std::vector<uint64_t>> data = {{1,0}, {2,0}, {4,0}, {5,0}, {7,0}, {8,0}, {10,0}, {11,0}, {12,0}, {13,0}, {15,0}, {16,0}, {16,0}, {17,0}, {18,0}, {18,0}, {19,3}, {19,3}, {20,3}, {20,3}, {20,3}, {20,3}, {20,3}, {20,3}, {20,3}, {20,3}, {20,3}, {20,3}, {19,0}, {19,0}, {19,0}, {19,0}, {19,0}, {18,0}, {18,0}, {18,0}, {18,0}, {18,0}, {17,0}, {17,0}, {17,0}, {17,0}, {17,0}, {17,0}, {17,0}, {17,0}, {16,0}, {16,0}, {16,0}, {16,0}, {16,0}, {16,0}, {16,0}, {16,0}, {16,0}, {16,0}, {16,0}, {16,0}, {16,0}, {16,0}, {16,0}, {16,0}, {16,0}, {16,0}};
la=6,ld=3,s=6
std::vector<std::vector<uint64_t>> data = {{1,0}, {2,0}, {4,0}, {5,0}, {7,0}, {8,0}, {10,0}, {11,0}, {12,0}, {13,0}, {15,7}, {16,7}, {16,7}, {17,7}, {18,7}, {18,7}, {19,7}, {19,7}, {20,7}, {20,7}, {20,7}, {20,7}, {20,7}, {20,7}, {20,7}, {20,7}, {20,7}, {20,7}, {19,7}, {19,7}, {19,7}, {19,7}, {19,7}, {18,7}, {18,7}, {18,7}, {18,7}, {18,7}, {17,0}, {17,0}, {17,0}, {17,0}, {17,0}, {17,0}, {17,0}, {17,0}, {16,0}, {16,0}, {16,0}, {16,0}, {16,0}, {16,0}, {16,0}, {16,0}, {16,0}, {16,0}, {16,0}, {16,0}, {16,0}, {16,0}, {16,0}, {16,0}, {16,0}, {16,0}};
la=6,ld=4,s=6
std::vector<std::vector<uint64_t>> data = {{1,0}, {2,0}, {4,0}, {5,0}, {7,0}, {8,0}, {10,15}, {11,15}, {12,15}, {14,15}, {15,15}, {16,15}, {16,15}, {17,14}, {18,14}, {18,14}, {19,14}, {19,14}, {20,14}, {20,14}, {20,14}, {20,14}, {20,14}, {20,14}, {20,14}, {20,14}, {20,14}, {20,14}, {19,14}, {19,14}, {19,14}, {19,14}, {19,14}, {18,15}, {18,15}, {18,15}, {18,15}, {18,15}, {17,15}, {17,15}, {17,15}, {17,15}, {17,15}, {17,15}, {17,15}, {17,15}, {16,0}, {16,0}, {16,0}, {16,0}, {16,0}, {16,0}, {16,0}, {16,0}, {16,0}, {16,0}, {16,0}, {16,0}, {16,0}, {16,0}, {16,0}, {16,0}, {16,0}, {16,0}};
la=6,ld=5,s=6
std::vector<std::vector<uint64_t>> data = {{1,0}, {2,0}, {4,0}, {5,0}, {7,0}, {9,31}, {10,31}, {11,31}, {12,31}, {14,30}, {15,30}, {16,29}, {16,29}, {17,29}, {18,28}, {18,28}, {19,28}, {19,28}, {20,27}, {20,27}, {20,27}, {20,27}, {20,27}, {20,27}, {20,27}, {20,27}, {20,27}, {20,27}, {19,28}, {19,28}, {19,28}, {19,28}, {19,28}, {18,29}, {18,29}, {18,29}, {18,29}, {18,29}, {17,30}, {17,30}, {17,31}, {17,31}, {17,31}, {17,30}, {17,30}, {17,30}, {16,0}, {16,0}, {16,0}, {16,0}, {16,0}, {16,0}, {16,0}, {16,0}, {16,0}, {16,0}, {16,0}, {16,0}, {16,0}, {16,0}, {16,0}, {16,0}, {16,0}, {16,0}};
la=6,ld=6,s=6
std::vector<std::vector<uint64_t>> data = {{1,0}, {2,0}, {4,0}, {6,63}, {7,63}, {8,63}, {10,62}, {11,62}, {12,61}, {14,60}, {15,59}, {16,59}, {16,59}, {17,58}, {18,57}, {18,57}, {19,56}, {19,56}, {20,55}, {20,55}, {20,55}, {20,55}, {20,55}, {20,55}, {20,55}, {20,55}, {20,55}, {20,55}, {19,57}, {19,57}, {19,57}, {19,57}, {19,57}, {18,59}, {18,59}, {18,59}, {18,59}, {18,59}, {17,61}, {17,61}, {17,61}, {17,61}, {17,61}, {17,61}, {17,61}, {17,61}, {16,0}, {16,0}, {16,0}, {16,0}, {16,0}, {16,0}, {16,0}, {16,0}, {16,0}, {16,0}, {16,0}, {16,0}, {16,0}, {16,0}, {16,0}, {16,0}, {16,0}, {16,0}};
la=6,ld=7,s=6
std::vector<std::vector<uint64_t>> data = {{1,0}, {2,0}, {4,127}, {5,127}, {7,126}, {9,125}, {10,124}, {11,123}, {12,122}, {13,121}, {15,119}, {16,117}, {16,117}, {17,116}, {18,114}, {18,114}, {19,112}, {19,112}, {20,110}, {20,110}, {20,110}, {20,110}, {20,110}, {20,110}, {20,110}, {20,110}, {20,110}, {20,110}, {19,113}, {19,113}, {19,113}, {19,113}, {19,113}, {18,117}, {18,117}, {18,117}, {18,117}, {18,117}, {17,122}, {17,122}, {17,122}, {17,122}, {17,122}, {17,122}, {17,122}, {17,122}, {16,0}, {16,0}, {16,0}, {16,0}, {16,0}, {16,0}, {16,0}, {16,0}, {16,0}, {16,0}, {16,0}, {16,0}, {16,0}, {16,0}, {16,0}, {16,0}, {16,0}, {16,0}};
la=6,ld=8,s=6
std::vector<std::vector<uint64_t>> data = {{1,0}, {2,0}, {4,255}, {5,254}, {7,252}, {8,251}, {10,248}, {11,246}, {12,244}, {13,242}, {15,237}, {16,234}, {16,234}, {17,231}, {18,228}, {18,228}, {19,224}, {19,224}, {20,219}, {20,219}, {20,219}, {20,219}, {20,219}, {20,219}, {20,219}, {20,219}, {20,219}, {20,219}, {19,226}, {19,226}, {19,226}, {19,226}, {19,226}, {18,234}, {18,234}, {18,234}, {18,234}, {18,234}, {17,244}, {17,244}, {17,244}, {17,244}, {17,244}, {17,244}, {17,244}, {17,244}, {16,255}, {16,255}, {16,0}, {16,0}, {16,0}, {16,0}, {16,0}, {16,0}, {16,0}, {16,0}, {16,0}, {16,0}, {16,0}, {16,0}, {16,0}, {16,0}, {16,0}, {16,0}};
la=6,ld=9,s=6
std::vector<std::vector<uint64_t>> data = {{1,0}, {3,511}, {4,510}, {5,508}, {7,504}, {8,502}, {10,496}, {11,492}, {12,489}, {13,484}, {15,474}, {16,469}, {16,469}, {17,462}, {18,455}, {18,455}, {19,447}, {19,447}, {20,438}, {20,438}, {20,438}, {20,438}, {20,438}, {20,438}, {20,438}, {20,438}, {20,438}, {20,438}, {19,452}, {19,452}, {19,452}, {19,452}, {19,452}, {18,469}, {18,469}, {18,469}, {18,469}, {18,469}, {17,488}, {17,488}, {17,488}, {17,488}, {17,488}, {17,488}, {17,488}, {17,488}, {16,511}, {16,511}, {16,511}, {16,511}, {16,511}, {16,511}, {16,0}, {16,0}, {16,0}, {16,0}, {16,0}, {16,0}, {16,0}, {16,0}, {16,0}, {16,0}, {16,0}, {16,0}};
la=6,ld=10,s=6
std::vector<std::vector<uint64_t>> data = {{1,0}, {2,1023}, {4,1019}, {6,1013}, {7,1009}, {8,1004}, {10,992}, {11,985}, {12,977}, {14,959}, {15,949}, {16,937}, {16,937}, {17,924}, {18,910}, {18,911}, {19,895}, {19,895}, {20,877}, {20,876}, {20,876}, {20,876}, {20,877}, {20,877}, {20,877}, {20,877}, {20,877}, {20,876}, {19,904}, {19,905}, {19,905}, {19,905}, {19,905}, {18,938}, {18,938}, {18,938}, {18,938}, {18,938}, {17,976}, {17,976}, {17,976}, {17,976}, {17,976}, {17,976}, {17,976}, {17,975}, {16,1021}, {16,1022}, {16,1022}, {16,1022}, {16,1023}, {16,1023}, {16,1023}, {16,1023}, {16,1023}, {16,0}, {16,0}, {16,0}, {16,0}, {16,0}, {16,0}, {16,0}, {16,0}, {16,0}};
la=6,ld=11,s=6
std::vector<std::vector<uint64_t>> data = {{1,0}, {2,2046}, {4,2038}, {5,2033}, {7,2017}, {8,2008}, {10,1984}, {11,1970}, {12,1954}, {14,1918}, {15,1897}, {16,1874}, {16,1874}, {17,1849}, {18,1821}, {18,1821}, {19,1789}, {19,1790}, {20,1754}, {20,1753}, {20,1753}, {20,1753}, {20,1753}, {20,1753}, {20,1753}, {20,1753}, {20,1753}, {20,1753}, {19,1809}, {19,1809}, {19,1810}, {19,1810}, {19,1809}, {18,1875}, {18,1876}, {18,1876}, {18,1876}, {18,1875}, {17,1951}, {17,1952}, {17,1952}, {17,1952}, {17,1952}, {17,1952}, {17,1951}, {17,1950}, {16,2043}, {16,2043}, {16,2044}, {16,2045}, {16,2045}, {16,2046}, {16,2046}, {16,2047}, {16,2047}, {16,2047}, {16,2047}, {16,2047}, {16,0}, {16,0}, {16,0}, {16,0}, {16,0}, {16,0}};
la=6,ld=12,s=6
std::vector<std::vector<uint64_t>> data = {{1,4095}, {2,4092}, {4,4076}, {5,4066}, {7,4034}, {8,4015}, {10,3968}, {11,3940}, {12,3909}, {14,3837}, {15,3795}, {16,3749}, {16,3749}, {17,3698}, {18,3642}, {18,3642}, {19,3579}, {19,3579}, {20,3507}, {20,3506}, {20,3505}, {20,3506}, {20,3506}, {20,3507}, {20,3507}, {20,3507}, {20,3506}, {20,3505}, {19,3617}, {19,3619}, {19,3619}, {19,3619}, {19,3618}, {18,3750}, {18,3751}, {18,3752}, {18,3751}, {18,3750}, {17,3902}, {17,3904}, {17,3904}, {17,3905}, {17,3904}, {17,3904}, {17,3903}, {17,3901}, {16,4085}, {16,4087}, {16,4088}, {16,4090}, {16,4091}, {16,4092}, {16,4093}, {16,4093}, {16,4094}, {16,4094}, {16,4094}, {16,4095}, {16,4095}, {16,4095}, {16,4095}, {16,0}, {16,0}, {16,0}};
la=6,ld=13,s=6
std::vector<std::vector<uint64_t>> data = {{1,8191}, {2,8184}, {4,8153}, {5,8131}, {7,8068}, {8,8031}, {10,7935}, {11,7879}, {12,7817}, {14,7673}, {15,7589}, {16,7498}, {16,7497}, {17,7395}, {18,7283}, {18,7285}, {19,7158}, {19,7158}, {20,7014}, {20,7012}, {20,7011}, {20,7011}, {20,7012}, {20,7013}, {20,7014}, {20,7014}, {20,7013}, {20,7010}, {19,7235}, {19,7238}, {19,7239}, {19,7238}, {19,7236}, {18,7500}, {18,7503}, {18,7503}, {18,7503}, {18,7500}, {17,7804}, {17,7807}, {17,7809}, {17,7809}, {17,7809}, {17,7807}, {17,7805}, {17,7802}, {16,8170}, {16,8174}, {16,8177}, {16,8179}, {16,8182}, {16,8183}, {16,8185}, {16,8186}, {16,8187}, {16,8188}, {16,8189}, {16,8190}, {16,8190}, {16,8190}, {16,8191}, {16,8191}, {16,8191}, {16,8191}};
la=7,ld=2,s=6
std::vector<std::vector<uint64_t>> data = {{1,0}, {4,0}, {7,0}, {10,0}, {13,0}, {16,0}, {19,0}, {21,0}, {24,0}, {26,0}, {29,0}, {31,0}, {32,0}, {34,0}, {36,0}, {37,0}, {38,3}, {39,3}, {39,3}, {40,3}, {40,3}, {40,3}, {40,3}, {40,3}, {40,3}, {40,3}, {40,3}, {39,3}, {39,3}, {39,3}, {38,0}, {38,0}, {37,0}, {37,0}, {36,0}, {36,0}, {36,0}, {35,0}, {35,0}, {35,0}, {34,0}, {34,0}, {34,0}, {34,0}, {33,0}, {33,0}, {33,0}, {33,0}, {33,0}, {33,0}, {33,0}, {32,0}, {32,0}, {32,0}, {32,0}, {32,0}, {32,0}, {32,0}, {32,0}, {32,0}, {32,0}, {32,0}, {32,0}, {32,0}};
la=7,ld=3,s=6
std::vector<std::vector<uint64_t>> data = {{1,0}, {4,0}, {7,0}, {10,0}, {13,0}, {16,0}, {19,0}, {21,0}, {24,0}, {26,0}, {30,7}, {31,7}, {33,7}, {35,7}, {36,7}, {37,7}, {38,7}, {39,7}, {39,7}, {40,7}, {40,7}, {40,7}, {40,7}, {40,7}, {40,7}, {40,7}, {40,7}, {39,7}, {39,7}, {39,7}, {38,7}, {38,7}, {37,7}, {37,7}, {36,7}, {36,7}, {36,7}, {35,7}, {35,7}, {35,7}, {34,0}, {34,0}, {34,0}, {34,0}, {33,0}, {33,0}, {33,0}, {33,0}, {33,0}, {33,0}, {33,0}, {32,0}, {32,0}, {32,0}, {32,0}, {32,0}, {32,0}, {32,0}, {32,0}, {32,0}, {32,0}, {32,0}, {32,0}, {32,0}};
la=7,ld=4,s=6
std::vector<std::vector<uint64_t>> data = {{1,0}, {4,0}, {7,0}, {10,0}, {13,0}, {16,0}, {19,0}, {23,15}, {25,15}, {28,15}, {29,15}, {31,15}, {32,15}, {35,14}, {36,14}, {37,14}, {38,14}, {39,14}, {39,14}, {40,14}, {40,14}, {40,14}, {40,14}, {40,14}, {40,14}, {40,14}, {40,14}, {39,14}, {39,14}, {39,14}, {38,14}, {38,14}, {37,14}, {37,14}, {36,15}, {36,15}, {36,15}, {35,15}, {35,15}, {35,15}, {34,15}, {34,15}, {34,15}, {34,15}, {33,0}, {33,0}, {33,0}, {33,0}, {33,0}, {33,0}, {33,0}, {32,0}, {32,0}, {32,0}, {32,0}, {32,0}, {32,0}, {32,0}, {32,0}, {32,0}, {32,0}, {32,0}, {32,0}, {32,0}};
la=7,ld=5,s=6
std::vector<std::vector<uint64_t>> data = {{1,0}, {4,0}, {7,0}, {10,0}, {13,0}, {18,31}, {20,31}, {21,31}, {25,30}, {28,30}, {29,30}, {31,29}, {33,29}, {34,29}, {36,28}, {37,28}, {38,28}, {39,28}, {39,28}, {40,27}, {40,27}, {40,27}, {40,27}, {40,27}, {40,27}, {40,27}, {40,27}, {39,28}, {39,28}, {39,28}, {38,28}, {38,28}, {37,29}, {37,29}, {36,29}, {36,29}, {36,29}, {35,30}, {35,30}, {35,30}, {34,31}, {34,31}, {34,31}, {34,30}, {33,31}, {33,31}, {33,31}, {33,31}, {33,31}, {33,31}, {33,31}, {32,0}, {32,0}, {32,0}, {32,0}, {32,0}, {32,0}, {32,0}, {32,0}, {32,0}, {32,0}, {32,0}, {32,0}, {32,0}};
la=7,ld=6,s=6
std::vector<std::vector<uint64_t>> data = {{1,0}, {4,0}, {7,0}, {12,63}, {14,63}, {16,63}, {20,62}, {21,62}, {24,61}, {28,60}, {30,59}, {31,59}, {33,58}, {34,58}, {36,57}, {37,56}, {38,56}, {39,55}, {39,55}, {40,55}, {40,55}, {40,55}, {40,55}, {40,55}, {40,55}, {40,55}, {40,55}, {39,56}, {39,56}, {39,56}, {38,57}, {38,57}, {37,58}, {37,58}, {36,59}, {36,59}, {36,59}, {35,60}, {35,60}, {35,60}, {34,61}, {34,61}, {34,61}, {34,61}, {33,62}, {33,62}, {33,62}, {33,62}, {33,62}, {33,62}, {33,62}, {32,0}, {32,0}, {32,0}, {32,0}, {32,0}, {32,0}, {32,0}, {32,0}, {32,0}, {32,0}, {32,0}, {32,0}, {32,0}};
la=7,ld=7,s=6
std::vector<std::vector<uint64_t>> data = {{1,0}, {4,0}, {9,127}, {10,127}, {14,126}, {17,125}, {20,124}, {22,123}, {24,122}, {26,121}, {29,119}, {31,118}, {32,117}, {35,115}, {36,114}, {37,113}, {38,112}, {39,111}, {39,111}, {40,110}, {40,110}, {40,110}, {40,110}, {40,110}, {40,110}, {40,110}, {40,110}, {39,111}, {39,111}, {39,111}, {38,113}, {38,113}, {37,115}, {37,115}, {36,117}, {36,117}, {36,117}, {35,120}, {35,120}, {35,120}, {34,122}, {34,122}, {34,122}, {34,122}, {33,125}, {33,125}, {33,125}, {33,125}, {33,125}, {33,125}, {33,125}, {32,0}, {32,0}, {32,0}, {32,0}, {32,0}, {32,0}, {32,0}, {32,0}, {32,0}, {32,0}, {32,0}, {32,0}, {32,0}};
la=7,ld=8,s=6
std::vector<std::vector<uint64_t>> data = {{1,0}, {4,0}, {7,255}, {10,254}, {14,252}, {16,251}, {20,248}, {21,247}, {25,243}, {27,241}, {30,237}, {31,236}, {33,233}, {34,231}, {36,228}, {37,226}, {38,224}, {39,222}, {39,221}, {40,219}, {40,219}, {40,219}, {40,219}, {40,219}, {40,219}, {40,219}, {40,219}, {39,223}, {39,223}, {39,222}, {38,226}, {38,226}, {37,230}, {37,230}, {36,234}, {36,234}, {36,234}, {35,239}, {35,239}, {35,239}, {34,244}, {34,244}, {34,244}, {34,244}, {33,249}, {33,249}, {33,250}, {33,249}, {33,249}, {33,249}, {33,249}, {32,0}, {32,0}, {32,0}, {32,0}, {32,0}, {32,0}, {32,0}, {32,0}, {32,0}, {32,0}, {32,0}, {32,0}, {32,0}};
la=7,ld=9,s=6
std::vector<std::vector<uint64_t>> data = {{1,0}, {5,511}, {9,509}, {10,508}, {14,504}, {16,502}, {20,496}, {23,491}, {24,489}, {27,482}, {29,477}, {31,471}, {33,465}, {35,459}, {36,455}, {37,451}, {38,447}, {39,443}, {39,443}, {40,438}, {40,438}, {40,438}, {40,438}, {40,438}, {40,438}, {40,438}, {40,438}, {39,445}, {39,445}, {39,445}, {38,452}, {38,452}, {37,460}, {37,460}, {36,469}, {36,469}, {36,469}, {35,478}, {35,478}, {35,478}, {34,488}, {34,488}, {34,488}, {34,488}, {33,499}, {33,499}, {33,499}, {33,499}, {33,499}, {33,499}, {33,499}, {32,511}, {32,0}, {32,0}, {32,0}, {32,0}, {32,0}, {32,0}, {32,0}, {32,0}, {32,0}, {32,0}, {32,0}, {32,0}};
la=7,ld=10,s=6
std::vector<std::vector<uint64_t>> data = {{1,0}, {4,1023}, {8,1019}, {12,1013}, {13,1011}, {17,1001}, {20,992}, {22,985}, {25,973}, {27,964}, {29,954}, {31,943}, {33,931}, {35,918}, {36,910}, {37,903}, {38,895}, {39,886}, {39,886}, {40,876}, {40,876}, {40,876}, {40,877}, {40,877}, {40,877}, {40,877}, {40,877}, {39,890}, {39,890}, {39,890}, {38,905}, {38,905}, {37,921}, {37,921}, {36,938}, {36,938}, {36,938}, {35,956}, {35,956}, {35,956}, {34,976}, {34,976}, {34,976}, {34,976}, {33,998}, {33,998}, {33,998}, {33,998}, {33,998}, {33,998}, {33,997}, {32,1023}, {32,1023}, {32,1023}, {32,1023}, {32,0}, {32,0}, {32,0}, {32,0}, {32,0}, {32,0}, {32,0}, {32,0}, {32,0}};
la=7,ld=11,s=6
std::vector<std::vector<uint64_t>> data = {{1,0}, {4,2046}, {8,2038}, {11,2029}, {14,2017}, {17,2002}, {20,1984}, {22,1970}, {25,1946}, {27,1928}, {29,1908}, {31,1886}, {33,1862}, {34,1849}, {36,1821}, {37,1806}, {38,1789}, {39,1772}, {39,1772}, {40,1753}, {40,1753}, {40,1753}, {40,1753}, {40,1753}, {40,1753}, {40,1753}, {40,1753}, {39,1780}, {39,1780}, {39,1780}, {38,1810}, {38,1810}, {37,1842}, {37,1842}, {36,1876}, {36,1876}, {36,1876}, {35,1913}, {35,1913}, {35,1912}, {34,1952}, {34,1952}, {34,1952}, {34,1952}, {33,1996}, {33,1996}, {33,1996}, {33,1996}, {33,1996}, {33,1995}, {33,1995}, {32,2046}, {32,2046}, {32,2047}, {32,2047}, {32,2047}, {32,2047}, {32,2047}, {32,0}, {32,0}, {32,0}, {32,0}, {32,0}, {32,0}};
la=7,ld=12,s=6
std::vector<std::vector<uint64_t>> data = {{2,4095}, {5,4089}, {8,4076}, {11,4058}, {14,4034}, {17,4004}, {20,3968}, {22,3940}, {25,3892}, {27,3855}, {29,3815}, {31,3772}, {33,3724}, {34,3698}, {36,3642}, {37,3611}, {38,3579}, {39,3544}, {39,3544}, {40,3506}, {40,3505}, {40,3506}, {40,3506}, {40,3507}, {40,3507}, {40,3507}, {40,3506}, {39,3560}, {39,3560}, {39,3560}, {38,3619}, {38,3619}, {37,3683}, {37,3683}, {36,3751}, {36,3752}, {36,3751}, {35,3825}, {35,3825}, {35,3825}, {34,3904}, {34,3905}, {34,3904}, {34,3904}, {33,3992}, {33,3992}, {33,3992}, {33,3992}, {33,3991}, {33,3991}, {33,3990}, {32,4092}, {32,4093}, {32,4093}, {32,4094}, {32,4094}, {32,4094}, {32,4095}, {32,4095}, {32,4095}, {32,4095}, {32,0}, {32,0}, {32,0}};
la=7,ld=13,s=6
std::vector<std::vector<uint64_t>> data = {{2,8191}, {5,8177}, {8,8153}, {11,8116}, {14,8068}, {17,8008}, {20,7935}, {22,7879}, {25,7783}, {27,7711}, {29,7631}, {31,7543}, {33,7447}, {34,7395}, {36,7283}, {37,7222}, {38,7158}, {39,7088}, {39,7088}, {40,7012}, {40,7011}, {40,7011}, {40,7012}, {40,7013}, {40,7014}, {40,7014}, {40,7013}, {39,7120}, {39,7121}, {39,7120}, {38,7239}, {38,7238}, {37,7366}, {37,7366}, {36,7503}, {36,7503}, {36,7503}, {35,7650}, {35,7650}, {35,7649}, {34,7809}, {34,7809}, {34,7809}, {34,7807}, {33,7983}, {33,7984}, {33,7984}, {33,7984}, {33,7983}, {33,7981}, {33,7980}, {32,8183}, {32,8185}, {32,8186}, {32,8187}, {32,8188}, {32,8189}, {32,8190}, {32,8190}, {32,8190}, {32,8191}, {32,8191}, {32,8191}, {32,8191}};
la=8,ld=2,s=6
std::vector<std::vector<uint64_t>> data = {{3,0}, {7,0}, {13,0}, {19,0}, {26,0}, {31,0}, {37,0}, {42,0}, {48,0}, {52,0}, {57,0}, {61,0}, {64,0}, {68,0}, {71,0}, {73,0}, {75,0}, {77,3}, {78,3}, {79,3}, {80,3}, {80,3}, {80,3}, {80,3}, {80,3}, {80,3}, {79,3}, {79,3}, {78,3}, {77,0}, {76,0}, {75,0}, {74,0}, {74,0}, {73,0}, {72,0}, {71,0}, {70,0}, {70,0}, {69,0}, {69,0}, {68,0}, {67,0}, {67,0}, {67,0}, {66,0}, {66,0}, {66,0}, {65,0}, {65,0}, {65,0}, {65,0}, {65,0}, {65,0}, {64,0}, {64,0}, {64,0}, {64,0}, {64,0}, {64,0}, {64,0}, {64,0}, {64,0}, {64,0}};
la=8,ld=3,s=6
std::vector<std::vector<uint64_t>> data = {{3,0}, {7,0}, {13,0}, {19,0}, {26,0}, {31,0}, {37,0}, {42,0}, {48,0}, {52,0}, {60,7}, {63,7}, {67,7}, {70,7}, {72,7}, {74,7}, {76,7}, {77,7}, {78,7}, {79,7}, {80,7}, {80,7}, {80,7}, {80,7}, {80,7}, {80,7}, {79,7}, {79,7}, {78,7}, {77,7}, {76,7}, {75,7}, {74,7}, {74,7}, {73,7}, {72,7}, {71,7}, {70,7}, {70,7}, {69,0}, {69,0}, {68,0}, {67,0}, {67,0}, {67,0}, {66,0}, {66,0}, {66,0}, {65,0}, {65,0}, {65,0}, {65,0}, {65,0}, {65,0}, {64,0}, {64,0}, {64,0}, {64,0}, {64,0}, {64,0}, {64,0}, {64,0}, {64,0}, {64,0}};
la=8,ld=4,s=6
std::vector<std::vector<uint64_t>> data = {{3,0}, {7,0}, {13,0}, {19,0}, {26,0}, {31,0}, {37,0}, {47,15}, {51,15}, {56,15}, {57,15}, {61,15}, {64,15}, {70,14}, {72,14}, {74,14}, {76,14}, {77,14}, {78,14}, {79,14}, {80,14}, {80,14}, {80,14}, {80,14}, {80,14}, {80,14}, {79,14}, {79,14}, {78,14}, {77,14}, {76,14}, {75,14}, {74,14}, {74,14}, {73,15}, {72,15}, {71,15}, {70,15}, {70,15}, {69,15}, {69,15}, {68,15}, {67,15}, {67,15}, {67,15}, {66,0}, {66,0}, {66,0}, {65,0}, {65,0}, {65,0}, {65,0}, {65,0}, {65,0}, {64,0}, {64,0}, {64,0}, {64,0}, {64,0}, {64,0}, {64,0}, {64,0}, {64,0}, {64,0}};
la=8,ld=5,s=6
std::vector<std::vector<uint64_t>> data = {{3,0}, {7,0}, {13,0}, {19,0}, {26,0}, {36,31}, {40,31}, {42,31}, {51,30}, {56,30}, {57,30}, {63,29}, {67,29}, {68,29}, {71,29}, {74,28}, {76,28}, {77,28}, {78,28}, {79,28}, {80,27}, {80,27}, {80,27}, {80,27}, {80,27}, {80,27}, {79,28}, {79,28}, {78,28}, {77,28}, {76,28}, {75,29}, {74,29}, {74,29}, {73,29}, {72,29}, {71,30}, {70,30}, {70,30}, {69,30}, {69,30}, {68,31}, {67,31}, {67,31}, {67,31}, {66,31}, {66,31}, {66,31}, {65,0}, {65,0}, {65,0}, {65,0}, {65,0}, {65,0}, {64,0}, {64,0}, {64,0}, {64,0}, {64,0}, {64,0}, {64,0}, {64,0}, {64,0}, {64,0}};
la=8,ld=6,s=6
std::vector<std::vector<uint64_t>> data = {{3,0}, {7,0}, {13,0}, {25,63}, {28,63}, {31,63}, {40,62}, {42,62}, {49,61}, {56,60}, {57,60}, {62,59}, {67,58}, {68,58}, {72,57}, {73,57}, {76,56}, {77,56}, {78,55}, {79,55}, {80,55}, {80,55}, {80,55}, {80,55}, {80,55}, {80,55}, {79,55}, {79,55}, {78,56}, {77,56}, {76,57}, {75,57}, {74,58}, {74,58}, {73,58}, {72,59}, {71,59}, {70,60}, {70,60}, {69,60}, {69,60}, {68,61}, {67,62}, {67,62}, {67,62}, {66,62}, {66,62}, {66,62}, {65,63}, {65,63}, {65,63}, {65,63}, {65,63}, {65,63}, {64,0}, {64,0}, {64,0}, {64,0}, {64,0}, {64,0}, {64,0}, {64,0}, {64,0}, {64,0}};
la=8,ld=7,s=6
std::vector<std::vector<uint64_t>> data = {{3,0}, {7,0}, {18,127}, {20,127}, {28,126}, {35,125}, {40,124}, {44,123}, {49,122}, {52,121}, {59,119}, {62,118}, {67,116}, {69,115}, {72,114}, {74,113}, {76,112}, {77,111}, {78,111}, {79,110}, {80,110}, {80,110}, {80,110}, {80,110}, {80,110}, {80,110}, {79,110}, {79,110}, {78,111}, {77,112}, {76,113}, {75,114}, {74,115}, {74,115}, {73,116}, {72,117}, {71,118}, {70,120}, {70,120}, {69,121}, {69,121}, {68,122}, {67,123}, {67,123}, {67,123}, {66,125}, {66,125}, {66,125}, {65,126}, {65,126}, {65,126}, {65,126}, {65,126}, {65,126}, {64,0}, {64,0}, {64,0}, {64,0}, {64,0}, {64,0}, {64,0}, {64,0}, {64,0}, {64,0}};
la=8,ld=8,s=6
std::vector<std::vector<uint64_t>> data = {{3,0}, {7,0}, {15,255}, {25,253}, {28,252}, {32,251}, {40,248}, {47,245}, {50,243}, {54,241}, {57,239}, {63,235}, {67,232}, {68,231}, {72,228}, {74,226}, {75,225}, {77,223}, {78,221}, {79,220}, {80,219}, {80,219}, {80,219}, {80,219}, {80,219}, {80,219}, {79,221}, {79,221}, {78,223}, {77,224}, {76,226}, {75,228}, {74,230}, {74,230}, {73,232}, {72,234}, {71,237}, {70,239}, {70,239}, {69,242}, {69,241}, {68,244}, {67,247}, {67,247}, {67,247}, {66,249}, {66,250}, {66,249}, {65,252}, {65,253}, {65,253}, {65,253}, {65,253}, {65,252}, {64,0}, {64,0}, {64,0}, {64,0}, {64,0}, {64,0}, {64,0}, {64,0}, {64,0}, {64,0}};
la=8,ld=9,s=6
std::vector<std::vector<uint64_t>> data = {{3,0}, {10,511}, {18,509}, {25,506}, {27,505}, {32,502}, {40,496}, {47,490}, {48,489}, {54,482}, {58,477}, {63,470}, {65,467}, {70,459}, {71,457}, {73,453}, {76,447}, {77,445}, {78,443}, {79,441}, {80,438}, {80,438}, {80,438}, {80,438}, {80,438}, {80,438}, {79,442}, {79,442}, {78,445}, {77,449}, {76,452}, {75,456}, {74,460}, {74,460}, {73,465}, {72,469}, {71,473}, {70,478}, {70,478}, {69,483}, {69,483}, {68,488}, {67,493}, {67,493}, {67,493}, {66,499}, {66,499}, {66,499}, {65,505}, {65,505}, {65,505}, {65,505}, {65,505}, {65,505}, {64,0}, {64,0}, {64,0}, {64,0}, {64,0}, {64,0}, {64,0}, {64,0}, {64,0}, {64,0}};
la=8,ld=10,s=6
std::vector<std::vector<uint64_t>> data = {{3,0}, {8,1023}, {16,1019}, {24,1013}, {26,1011}, {34,1001}, {40,992}, {45,983}, {49,975}, {54,964}, {58,954}, {62,943}, {65,934}, {69,921}, {71,914}, {74,903}, {75,899}, {77,890}, {78,886}, {79,881}, {80,876}, {80,876}, {80,877}, {80,877}, {80,877}, {80,877}, {79,883}, {79,883}, {78,890}, {77,897}, {76,905}, {75,913}, {74,921}, {74,921}, {73,929}, {72,938}, {71,947}, {70,956}, {70,956}, {69,966}, {69,966}, {68,976}, {67,987}, {67,987}, {67,987}, {66,998}, {66,998}, {66,998}, {65,1010}, {65,1010}, {65,1010}, {65,1010}, {65,1010}, {65,1010}, {64,1023}, {64,0}, {64,0}, {64,0}, {64,0}, {64,0}, {64,0}, {64,0}, {64,0}, {64,0}};
la=8,ld=11,s=6
std::vector<std::vector<uint64_t>> data = {{3,0}, {9,2045}, {16,2038}, {22,2029}, {28,2017}, {34,2002}, {39,1987}, {45,1966}, {49,1950}, {55,1923}, {57,1913}, {62,1886}, {65,1868}, {69,1842}, {71,1828}, {74,1806}, {75,1798}, {77,1781}, {78,1772}, {79,1763}, {80,1753}, {80,1753}, {80,1753}, {80,1753}, {80,1753}, {80,1753}, {79,1766}, {79,1766}, {78,1780}, {77,1795}, {76,1810}, {75,1825}, {74,1842}, {74,1842}, {73,1858}, {72,1876}, {71,1894}, {70,1913}, {70,1913}, {69,1932}, {69,1932}, {68,1952}, {67,1973}, {67,1974}, {67,1974}, {66,1996}, {66,1996}, {66,1996}, {65,2020}, {65,2020}, {65,2020}, {65,2020}, {65,2020}, {65,2020}, {64,2047}, {64,2047}, {64,2047}, {64,2047}, {64,0}, {64,0}, {64,0}, {64,0}, {64,0}, {64,0}};
la=8,ld=12,s=6
std::vector<std::vector<uint64_t>> data = {{3,0}, {9,4090}, {15,4079}, {22,4058}, {28,4034}, {34,4004}, {39,3974}, {45,3932}, {49,3900}, {54,3855}, {59,3805}, {62,3772}, {65,3736}, {69,3684}, {71,3656}, {74,3611}, {76,3579}, {77,3562}, {78,3544}, {79,3525}, {80,3505}, {80,3506}, {80,3506}, {80,3507}, {80,3507}, {80,3507}, {79,3533}, {79,3533}, {78,3560}, {77,3589}, {76,3619}, {75,3651}, {74,3683}, {74,3683}, {73,3717}, {72,3752}, {71,3788}, {70,3825}, {70,3825}, {69,3864}, {69,3864}, {68,3905}, {67,3947}, {67,3947}, {67,3947}, {66,3992}, {66,3992}, {66,3992}, {65,4040}, {65,4040}, {65,4040}, {65,4040}, {65,4040}, {65,4040}, {64,4094}, {64,4094}, {64,4094}, {64,4095}, {64,4095}, {64,4095}, {64,4095}, {64,0}, {64,0}, {64,0}};
la=8,ld=13,s=6
std::vector<std::vector<uint64_t>> data = {{3,8191}, {10,8177}, {16,8153}, {22,8116}, {28,8068}, {34,8008}, {39,7948}, {45,7864}, {49,7800}, {54,7711}, {58,7631}, {62,7543}, {66,7447}, {69,7368}, {71,7312}, {74,7222}, {76,7158}, {77,7123}, {78,7088}, {79,7051}, {80,7011}, {80,7011}, {80,7012}, {80,7013}, {80,7014}, {80,7014}, {79,7066}, {79,7065}, {78,7121}, {77,7179}, {76,7239}, {75,7301}, {74,7366}, {74,7366}, {73,7434}, {72,7503}, {71,7576}, {70,7650}, {70,7650}, {69,7728}, {69,7728}, {68,7809}, {67,7894}, {67,7894}, {67,7894}, {66,7984}, {66,7984}, {66,7984}, {65,8080}, {65,8080}, {65,8081}, {65,8080}, {65,8080}, {65,8079}, {64,8187}, {64,8188}, {64,8189}, {64,8190}, {64,8190}, {64,8190}, {64,8191}, {64,8191}, {64,8191}, {64,8191}};
la=9,ld=2,s=6
std::vector<std::vector<uint64_t>> data = {{5,0}, {13,0}, {26,0}, {38,0}, {51,0}, {62,0}, {74,0}, {84,0}, {95,0}, {104,0}, {113,0}, {121,0}, {128,0}, {135,0}, {141,0}, {146,0}, {150,0}, {155,3}, {157,3}, {159,3}, {160,3}, {161,3}, {161,3}, {161,3}, {160,3}, {159,3}, {158,3}, {157,3}, {156,3}, {154,0}, {152,0}, {151,0}, {149,0}, {147,0}, {146,0}, {144,0}, {142,0}, {141,0}, {140,0}, {138,0}, {137,0}, {136,0}, {135,0}, {134,0}, {133,0}, {133,0}, {132,0}, {131,0}, {131,0}, {130,0}, {130,0}, {130,0}, {129,0}, {129,0}, {129,0}, {129,0}, {129,0}, {129,0}, {128,0}, {128,0}, {128,0}, {128,0}, {128,0}, {128,0}};
la=9,ld=3,s=6
std::vector<std::vector<uint64_t>> data = {{5,0}, {13,0}, {26,0}, {38,0}, {51,0}, {62,0}, {74,0}, {84,0}, {95,0}, {104,0}, {120,7}, {127,7}, {134,7}, {140,7}, {145,7}, {149,7}, {151,7}, {153,7}, {156,7}, {158,7}, {160,7}, {161,7}, {161,7}, {161,7}, {160,7}, {159,7}, {158,7}, {157,7}, {156,7}, {154,7}, {152,7}, {151,7}, {149,7}, {147,7}, {146,7}, {144,7}, {142,7}, {141,7}, {140,7}, {138,0}, {137,0}, {136,0}, {135,0}, {134,0}, {133,0}, {133,0}, {132,0}, {131,0}, {131,0}, {130,0}, {130,0}, {130,0}, {129,0}, {129,0}, {129,0}, {129,0}, {129,0}, {129,0}, {128,0}, {128,0}, {128,0}, {128,0}, {128,0}, {128,0}};
la=9,ld=4,s=6
std::vector<std::vector<uint64_t>> data = {{5,0}, {13,0}, {26,0}, {38,0}, {51,0}, {62,0}, {74,0}, {94,15}, {103,15}, {111,15}, {113,15}, {121,15}, {128,15}, {140,14}, {145,14}, {149,14}, {151,14}, {153,14}, {156,14}, {158,14}, {160,14}, {161,14}, {161,14}, {161,14}, {160,14}, {159,14}, {158,14}, {157,14}, {156,14}, {154,14}, {152,14}, {151,14}, {149,14}, {147,14}, {146,15}, {144,15}, {142,15}, {141,15}, {140,15}, {138,15}, {137,15}, {136,15}, {135,15}, {134,15}, {133,0}, {133,0}, {132,0}, {131,0}, {131,0}, {130,0}, {130,0}, {130,0}, {129,0}, {129,0}, {129,0}, {129,0}, {129,0}, {129,0}, {128,0}, {128,0}, {128,0}, {128,0}, {128,0}, {128,0}};
la=9,ld=5,s=6
std::vector<std::vector<uint64_t>> data = {{5,0}, {13,0}, {26,0}, {38,0}, {51,0}, {73,31}, {80,31}, {84,31}, {103,30}, {111,30}, {113,30}, {127,29}, {134,29}, {135,29}, {141,29}, {149,28}, {151,28}, {153,28}, {156,28}, {158,28}, {160,27}, {161,27}, {161,27}, {161,27}, {160,27}, {159,27}, {158,28}, {157,28}, {156,28}, {154,28}, {152,28}, {151,28}, {149,29}, {147,29}, {146,29}, {144,29}, {142,30}, {141,30}, {140,30}, {138,30}, {137,30}, {136,31}, {135,31}, {134,31}, {133,31}, {133,31}, {132,31}, {131,31}, {131,31}, {130,0}, {130,0}, {130,0}, {129,0}, {129,0}, {129,0}, {129,0}, {129,0}, {129,0}, {128,0}, {128,0}, {128,0}, {128,0}, {128,0}, {128,0}};
la=9,ld=6,s=6
std::vector<std::vector<uint64_t>> data = {{5,0}, {13,0}, {26,0}, {50,63}, {57,63}, {62,63}, {80,62}, {84,62}, {97,61}, {111,60}, {113,60}, {123,59}, {134,58}, {135,58}, {143,57}, {149,56}, {151,56}, {153,56}, {157,55}, {159,55}, {160,55}, {161,55}, {161,55}, {161,55}, {160,55}, {159,55}, {158,55}, {157,55}, {156,56}, {154,56}, {152,57}, {151,57}, {149,57}, {147,58}, {146,58}, {144,59}, {142,59}, {141,59}, {140,60}, {138,60}, {137,61}, {136,61}, {135,61}, {134,62}, {133,62}, {133,62}, {132,62}, {131,63}, {131,63}, {130,63}, {130,63}, {130,63}, {129,0}, {129,0}, {129,0}, {129,0}, {129,0}, {129,0}, {128,0}, {128,0}, {128,0}, {128,0}, {128,0}, {128,0}};
la=9,ld=7,s=6
std::vector<std::vector<uint64_t>> data = {{5,0}, {13,0}, {37,127}, {41,127}, {57,126}, {70,125}, {80,124}, {89,123}, {97,122}, {111,120}, {117,119}, {123,118}, {134,116}, {139,115}, {143,114}, {147,113}, {151,112}, {155,111}, {156,111}, {159,110}, {160,110}, {161,109}, {161,109}, {161,109}, {160,110}, {159,110}, {158,110}, {157,111}, {156,111}, {154,112}, {152,113}, {151,114}, {149,115}, {147,116}, {146,116}, {144,117}, {142,118}, {141,119}, {140,120}, {138,121}, {137,121}, {136,122}, {135,123}, {134,123}, {133,124}, {133,124}, {132,125}, {131,125}, {131,125}, {130,126}, {130,126}, {130,126}, {129,127}, {129,127}, {129,127}, {129,127}, {129,127}, {129,127}, {128,0}, {128,0}, {128,0}, {128,0}, {128,0}, {128,0}};
la=9,ld=8,s=6
std::vector<std::vector<uint64_t>> data = {{5,0}, {13,0}, {29,255}, {41,254}, {57,252}, {64,251}, {80,248}, {89,246}, {97,244}, {108,241}, {117,238}, {126,235}, {134,232}, {136,231}, {141,229}, {147,226}, {151,224}, {155,222}, {157,221}, {159,220}, {160,219}, {161,218}, {161,218}, {161,218}, {160,219}, {159,220}, {158,221}, {157,222}, {156,223}, {154,224}, {152,226}, {151,227}, {149,229}, {147,231}, {146,232}, {144,234}, {142,237}, {141,238}, {140,239}, {138,242}, {137,243}, {136,244}, {135,245}, {134,247}, {133,248}, {133,248}, {132,250}, {131,251}, {131,251}, {130,253}, {130,253}, {130,253}, {129,254}, {129,254}, {129,254}, {129,254}, {129,254}, {129,254}, {128,0}, {128,0}, {128,0}, {128,0}, {128,0}, {128,0}};
la=9,ld=9,s=6
std::vector<std::vector<uint64_t>> data = {{5,0}, {21,511}, {29,510}, {45,507}, {57,504}, {67,501}, {80,496}, {89,492}, {99,487}, {108,482}, {119,475}, {126,470}, {130,467}, {135,463}, {142,457}, {146,453}, {152,447}, {155,444}, {156,443}, {158,441}, {160,438}, {161,437}, {161,437}, {161,437}, {160,438}, {159,440}, {158,442}, {157,443}, {156,445}, {154,449}, {152,452}, {151,454}, {149,458}, {147,462}, {146,465}, {144,469}, {142,473}, {141,476}, {140,478}, {138,483}, {137,486}, {136,488}, {135,491}, {134,493}, {133,496}, {133,496}, {132,499}, {131,502}, {131,502}, {130,505}, {130,505}, {130,505}, {129,508}, {129,508}, {129,508}, {129,508}, {129,508}, {129,508}, {128,0}, {128,0}, {128,0}, {128,0}, {128,0}, {128,0}};
la=9,ld=10,s=6
std::vector<std::vector<uint64_t>> data = {{5,0}, {21,1022}, {32,1019}, {43,1015}, {57,1008}, {68,1001}, {80,992}, {90,983}, {98,975}, {107,965}, {119,950}, {124,943}, {130,934}, {138,921}, {142,914}, {149,901}, {150,899}, {155,888}, {156,886}, {159,879}, {160,876}, {161,874}, {161,874}, {161,874}, {160,877}, {159,880}, {158,883}, {157,887}, {156,890}, {154,897}, {152,905}, {151,909}, {149,917}, {147,925}, {146,929}, {144,938}, {142,947}, {141,952}, {140,956}, {138,966}, {137,971}, {136,976}, {135,981}, {134,987}, {133,992}, {133,992}, {132,998}, {131,1004}, {131,1004}, {130,1010}, {130,1010}, {130,1010}, {129,1017}, {129,1017}, {129,1017}, {129,1017}, {129,1017}, {129,1017}, {128,0}, {128,0}, {128,0}, {128,0}, {128,0}, {128,0}};
la=9,ld=11,s=6
std::vector<std::vector<uint64_t>> data = {{5,0}, {21,2044}, {32,2038}, {43,2030}, {56,2017}, {68,2002}, {78,1987}, {90,1966}, {98,1950}, {107,1930}, {117,1905}, {125,1883}, {130,1868}, {138,1842}, {142,1828}, {149,1802}, {150,1798}, {154,1781}, {156,1772}, {159,1758}, {160,1753}, {161,1747}, {161,1747}, {161,1747}, {160,1753}, {159,1760}, {158,1766}, {157,1773}, {156,1780}, {154,1795}, {152,1810}, {151,1817}, {149,1833}, {147,1850}, {146,1858}, {144,1876}, {142,1894}, {141,1903}, {140,1913}, {138,1932}, {137,1942}, {136,1952}, {135,1963}, {134,1974}, {133,1985}, {133,1985}, {132,1996}, {131,2008}, {131,2008}, {130,2020}, {130,2020}, {130,2020}, {129,2033}, {129,2033}, {129,2033}, {129,2033}, {129,2033}, {129,2033}, {128,0}, {128,0}, {128,0}, {128,0}, {128,0}, {128,0}};
la=9,ld=12,s=6
std::vector<std::vector<uint64_t>> data = {{5,0}, {21,4088}, {30,4079}, {43,4060}, {56,4034}, {68,4004}, {79,3971}, {90,3932}, {98,3900}, {107,3860}, {117,3810}, {125,3766}, {130,3736}, {137,3691}, {143,3649}, {147,3619}, {151,3587}, {155,3553}, {156,3544}, {159,3516}, {160,3505}, {161,3495}, {161,3495}, {161,3495}, {160,3507}, {159,3520}, {158,3533}, {157,3546}, {156,3560}, {154,3589}, {152,3619}, {151,3635}, {149,3667}, {147,3700}, {146,3717}, {144,3752}, {142,3788}, {141,3806}, {140,3825}, {138,3864}, {137,3884}, {136,3905}, {135,3926}, {134,3947}, {133,3969}, {133,3969}, {132,3992}, {131,4016}, {131,4016}, {130,4040}, {130,4040}, {130,4040}, {129,4066}, {129,4066}, {129,4066}, {129,4066}, {129,4066}, {129,4066}, {128,4095}, {128,4095}, {128,4095}, {128,0}, {128,0}, {128,0}};
la=9,ld=13,s=6
std::vector<std::vector<uint64_t>> data = {{7,8191}, {19,8179}, {31,8155}, {43,8120}, {55,8073}, {68,8008}, {79,7942}, {90,7864}, {98,7800}, {109,7701}, {116,7631}, {125,7532}, {132,7447}, {137,7382}, {143,7298}, {147,7238}, {151,7174}, {155,7106}, {156,7088}, {159,7031}, {160,7011}, {161,6990}, {161,6990}, {161,6990}, {160,7014}, {159,7039}, {158,7066}, {157,7093}, {156,7121}, {154,7179}, {152,7239}, {151,7270}, {149,7334}, {147,7400}, {146,7434}, {144,7503}, {142,7576}, {141,7613}, {140,7650}, {138,7728}, {137,7768}, {136,7809}, {135,7851}, {134,7894}, {133,7939}, {133,7938}, {132,7984}, {131,8031}, {131,8031}, {130,8080}, {130,8081}, {130,8080}, {129,8133}, {129,8133}, {129,8133}, {129,8133}, {129,8132}, {129,8132}, {128,8190}, {128,8190}, {128,8191}, {128,8191}, {128,8191}, {128,8191}};
la=10,ld=2,s=6
std::vector<std::vector<uint64_t>> data = {{11,0}, {26,0}, {51,0}, {76,0}, {101,0}, {124,0}, {147,0}, {168,0}, {189,0}, {208,0}, {225,0}, {241,0}, {256,0}, {269,0}, {281,0}, {291,0}, {299,0}, {311,3}, {315,3}, {318,3}, {320,3}, {321,3}, {322,3}, {322,3}, {321,3}, {319,3}, {317,3}, {314,3}, {311,3}, {308,0}, {305,0}, {301,0}, {298,0}, {294,0}, {291,0}, {288,0}, {285,0}, {282,0}, {279,0}, {276,0}, {274,0}, {272,0}, {270,0}, {268,0}, {267,0}, {265,0}, {264,0}, {263,0}, {262,0}, {261,0}, {260,0}, {259,0}, {259,0}, {258,0}, {258,0}, {258,0}, {257,0}, {257,0}, {257,0}, {257,0}, {257,0}, {256,0}, {256,0}, {256,0}};
la=10,ld=3,s=6
std::vector<std::vector<uint64_t>> data = {{11,0}, {26,0}, {51,0}, {76,0}, {101,0}, {124,0}, {147,0}, {168,0}, {189,0}, {208,0}, {240,7}, {255,7}, {268,7}, {280,7}, {290,7}, {298,7}, {303,7}, {306,7}, {312,7}, {316,7}, {319,7}, {321,7}, {322,7}, {322,7}, {321,7}, {319,7}, {317,7}, {314,7}, {311,7}, {308,7}, {305,7}, {301,7}, {298,7}, {294,7}, {291,7}, {288,7}, {285,7}, {282,7}, {279,7}, {276,0}, {274,0}, {272,0}, {270,0}, {268,0}, {267,0}, {265,0}, {264,0}, {263,0}, {262,0}, {261,0}, {260,0}, {259,0}, {259,0}, {258,0}, {258,0}, {258,0}, {257,0}, {257,0}, {257,0}, {257,0}, {257,0}, {256,0}, {256,0}, {256,0}};
la=10,ld=4,s=6
std::vector<std::vector<uint64_t>> data = {{11,0}, {26,0}, {51,0}, {76,0}, {101,0}, {124,0}, {147,0}, {188,15}, {207,15}, {223,15}, {225,15}, {241,15}, {256,15}, {280,14}, {290,14}, {298,14}, {303,14}, {306,14}, {312,14}, {316,14}, {319,14}, {321,14}, {322,14}, {322,14}, {321,14}, {319,14}, {317,14}, {314,14}, {311,14}, {308,14}, {305,14}, {301,14}, {298,14}, {294,14}, {291,15}, {288,15}, {285,15}, {282,15}, {279,15}, {276,15}, {274,15}, {272,15}, {270,15}, {268,15}, {267,15}, {265,0}, {264,0}, {263,0}, {262,0}, {261,0}, {260,0}, {259,0}, {259,0}, {258,0}, {258,0}, {258,0}, {257,0}, {257,0}, {257,0}, {257,0}, {257,0}, {256,0}, {256,0}, {256,0}};
la=10,ld=5,s=6
std::vector<std::vector<uint64_t>> data = {{11,0}, {26,0}, {51,0}, {76,0}, {101,0}, {146,31}, {160,31}, {168,31}, {207,30}, {223,30}, {225,30}, {255,29}, {268,29}, {269,29}, {281,29}, {298,28}, {303,28}, {306,28}, {312,28}, {316,28}, {320,27}, {321,27}, {322,27}, {322,27}, {321,27}, {319,27}, {317,28}, {314,28}, {311,28}, {308,28}, {305,28}, {301,28}, {298,29}, {294,29}, {291,29}, {288,29}, {285,30}, {282,30}, {279,30}, {276,30}, {274,30}, {272,31}, {270,31}, {268,31}, {267,31}, {265,31}, {264,31}, {263,31}, {262,31}, {261,31}, {260,0}, {259,0}, {259,0}, {258,0}, {258,0}, {258,0}, {257,0}, {257,0}, {257,0}, {257,0}, {257,0}, {256,0}, {256,0}, {256,0}};
la=10,ld=6,s=6
std::vector<std::vector<uint64_t>> data = {{11,0}, {26,0}, {51,0}, {100,63}, {114,63}, {124,63}, {160,62}, {168,62}, {194,61}, {223,60}, {225,60}, {247,59}, {268,58}, {269,58}, {286,57}, {291,57}, {303,56}, {306,56}, {315,55}, {317,55}, {319,55}, {321,55}, {322,55}, {322,55}, {321,55}, {319,55}, {317,55}, {314,55}, {311,56}, {308,56}, {305,56}, {301,57}, {298,57}, {294,58}, {291,58}, {288,59}, {285,59}, {282,59}, {279,60}, {276,60}, {274,61}, {272,61}, {270,61}, {268,62}, {267,62}, {265,62}, {264,62}, {263,63}, {262,63}, {261,63}, {260,63}, {259,63}, {259,63}, {258,0}, {258,0}, {258,0}, {257,0}, {257,0}, {257,0}, {257,0}, {257,0}, {256,0}, {256,0}, {256,0}};
la=10,ld=7,s=6
std::vector<std::vector<uint64_t>> data = {{11,0}, {26,0}, {75,127}, {82,127}, {114,126}, {139,125}, {160,124}, {178,123}, {194,122}, {209,121}, {235,119}, {247,118}, {268,116}, {277,115}, {286,114}, {295,113}, {303,112}, {310,111}, {312,111}, {317,110}, {319,110}, {321,109}, {322,109}, {322,109}, {321,109}, {319,110}, {317,110}, {314,111}, {311,111}, {308,112}, {305,113}, {301,114}, {298,115}, {294,116}, {291,116}, {288,117}, {285,118}, {282,119}, {279,120}, {276,121}, {274,121}, {272,122}, {270,123}, {268,123}, {267,124}, {265,124}, {264,125}, {263,125}, {262,125}, {261,126}, {260,126}, {259,127}, {259,127}, {258,127}, {258,127}, {258,127}, {257,0}, {257,0}, {257,0}, {257,0}, {257,0}, {256,0}, {256,0}, {256,0}};
la=10,ld=8,s=6
std::vector<std::vector<uint64_t>> data = {{11,0}, {26,0}, {58,255}, {82,254}, {114,252}, {139,250}, {160,248}, {178,246}, {194,244}, {216,241}, {235,238}, {252,235}, {268,232}, {277,230}, {282,229}, {295,226}, {299,225}, {310,222}, {314,221}, {317,220}, {320,219}, {321,219}, {322,218}, {322,218}, {321,219}, {319,220}, {317,220}, {314,222}, {311,223}, {308,224}, {305,226}, {301,228}, {298,229}, {294,231}, {291,233}, {288,234}, {285,236}, {282,238}, {279,240}, {276,242}, {274,243}, {272,244}, {270,245}, {268,247}, {267,247}, {265,249}, {264,250}, {263,250}, {262,251}, {261,252}, {260,253}, {259,253}, {259,253}, {258,254}, {258,254}, {258,254}, {257,255}, {257,255}, {257,255}, {257,255}, {257,255}, {256,0}, {256,0}, {256,0}};
la=10,ld=9,s=6
std::vector<std::vector<uint64_t>> data = {{11,0}, {42,511}, {58,510}, {91,507}, {114,504}, {133,501}, {155,497}, {178,492}, {198,487}, {219,481}, {235,476}, {252,470}, {260,467}, {275,461}, {284,457}, {297,451}, {299,450}, {310,444}, {312,443}, {317,440}, {319,439}, {321,438}, {322,437}, {322,437}, {321,438}, {319,439}, {317,441}, {314,443}, {311,446}, {308,449}, {305,451}, {301,455}, {298,458}, {294,462}, {291,466}, {288,469}, {285,472}, {282,476}, {279,479}, {276,483}, {274,486}, {272,488}, {270,491}, {268,493}, {267,495}, {265,498}, {264,499}, {263,500}, {262,502}, {261,503}, {260,505}, {259,507}, {259,507}, {258,508}, {258,508}, {258,508}, {257,510}, {257,510}, {257,510}, {257,510}, {257,510}, {256,0}, {256,0}, {256,0}};
la=10,ld=10,s=6
std::vector<std::vector<uint64_t>> data = {{11,0}, {42,1022}, {64,1019}, {86,1015}, {114,1008}, {136,1001}, {155,994}, {180,983}, {196,975}, {214,965}, {235,952}, {248,943}, {260,934}, {276,921}, {284,914}, {298,901}, {299,900}, {311,887}, {312,886}, {318,879}, {319,878}, {321,875}, {322,874}, {322,874}, {321,875}, {319,878}, {317,882}, {314,887}, {311,892}, {308,897}, {305,903}, {301,911}, {298,917}, {294,925}, {291,931}, {288,938}, {285,945}, {282,952}, {279,959}, {276,966}, {274,971}, {272,976}, {270,981}, {268,987}, {267,990}, {265,995}, {264,998}, {263,1001}, {262,1004}, {261,1007}, {260,1010}, {259,1013}, {259,1013}, {258,1017}, {258,1017}, {258,1017}, {257,1020}, {257,1020}, {257,1020}, {257,1020}, {257,1020}, {256,0}, {256,0}, {256,0}};
la=10,ld=11,s=6
std::vector<std::vector<uint64_t>> data = {{11,0}, {42,2044}, {64,2038}, {86,2030}, {112,2017}, {136,2002}, {156,1987}, {179,1967}, {197,1949}, {214,1930}, {234,1905}, {250,1883}, {260,1868}, {276,1842}, {284,1828}, {298,1802}, {299,1800}, {307,1783}, {312,1772}, {318,1758}, {320,1753}, {321,1750}, {322,1747}, {322,1747}, {321,1750}, {319,1757}, {317,1763}, {314,1773}, {311,1784}, {308,1795}, {305,1806}, {301,1821}, {298,1833}, {294,1850}, {291,1863}, {288,1876}, {285,1889}, {282,1903}, {279,1917}, {276,1932}, {274,1942}, {272,1952}, {270,1963}, {268,1974}, {267,1979}, {265,1990}, {264,1996}, {263,2002}, {262,2008}, {261,2014}, {260,2020}, {259,2027}, {259,2027}, {258,2033}, {258,2033}, {258,2033}, {257,2040}, {257,2040}, {257,2040}, {257,2040}, {257,2040}, {256,0}, {256,0}, {256,0}};
la=10,ld=12,s=6
std::vector<std::vector<uint64_t>> data = {{11,0}, {39,4089}, {63,4077}, {86,4060}, {112,4034}, {136,4004}, {158,3971}, {179,3934}, {197,3898}, {217,3853}, {233,3813}, {250,3766}, {261,3733}, {274,3691}, {286,3649}, {295,3615}, {302,3587}, {310,3553}, {312,3544}, {318,3516}, {319,3511}, {321,3500}, {322,3495}, {322,3495}, {321,3501}, {319,3513}, {317,3526}, {314,3546}, {311,3567}, {308,3589}, {305,3612}, {301,3643}, {298,3667}, {294,3700}, {291,3725}, {288,3752}, {285,3779}, {282,3806}, {279,3835}, {276,3864}, {274,3884}, {272,3905}, {270,3926}, {268,3947}, {267,3958}, {265,3981}, {264,3992}, {263,4004}, {262,4016}, {261,4028}, {260,4040}, {259,4053}, {259,4053}, {258,4066}, {258,4066}, {258,4066}, {257,4080}, {257,4080}, {257,4080}, {257,4080}, {257,4080}, {256,0}, {256,0}, {256,0}};
la=10,ld=13,s=6
std::vector<std::vector<uint64_t>> data = {{13,8191}, {39,8178}, {63,8154}, {86,8120}, {110,8073}, {135,8011}, {157,7945}, {179,7868}, {197,7796}, {217,7706}, {232,7631}, {250,7532}, {261,7466}, {275,7375}, {285,7305}, {295,7230}, {302,7174}, {310,7106}, {312,7088}, {317,7041}, {320,7011}, {321,7001}, {322,6990}, {322,6990}, {321,7001}, {319,7026}, {317,7052}, {314,7093}, {311,7135}, {308,7179}, {305,7224}, {301,7286}, {298,7334}, {294,7400}, {291,7451}, {288,7503}, {285,7557}, {282,7613}, {279,7670}, {276,7728}, {274,7768}, {272,7809}, {270,7851}, {268,7894}, {267,7916}, {265,7961}, {264,7984}, {263,8008}, {262,8031}, {261,8056}, {260,8081}, {259,8106}, {259,8106}, {258,8133}, {258,8133}, {258,8133}, {257,8161}, {257,8161}, {257,8161}, {257,8161}, {257,8161}, {256,8191}, {256,8191}, {256,8191}};
la=11,ld=2,s=6
std::vector<std::vector<uint64_t>> data = {{21,0}, {51,0}, {102,0}, {152,0}, {201,0}, {248,0}, {293,0}, {336,0}, {377,0}, {415,0}, {450,0}, {482,0}, {512,0}, {538,0}, {561,0}, {581,0}, {598,0}, {622,3}, {631,3}, {637,3}, {641,3}, {643,3}, {644,3}, {643,3}, {641,3}, {638,3}, {634,3}, {628,3}, {623,3}, {616,0}, {610,0}, {603,0}, {596,0}, {589,0}, {582,0}, {576,0}, {570,0}, {564,0}, {558,0}, {553,0}, {548,0}, {544,0}, {540,0}, {536,0}, {533,0}, {530,0}, {528,0}, {525,0}, {523,0}, {522,0}, {520,0}, {519,0}, {518,0}, {517,0}, {516,0}, {515,0}, {515,0}, {514,0}, {514,0}, {513,0}, {513,0}, {513,0}, {513,0}, {513,0}};
la=11,ld=3,s=6
std::vector<std::vector<uint64_t>> data = {{21,0}, {51,0}, {102,0}, {152,0}, {201,0}, {248,0}, {293,0}, {336,0}, {377,0}, {415,0}, {481,7}, {511,7}, {537,7}, {560,7}, {580,7}, {597,7}, {605,7}, {612,7}, {623,7}, {632,7}, {638,7}, {642,7}, {644,7}, {643,7}, {641,7}, {638,7}, {634,7}, {628,7}, {623,7}, {616,7}, {610,7}, {603,7}, {596,7}, {589,7}, {582,7}, {576,7}, {570,7}, {564,7}, {558,7}, {553,0}, {548,0}, {544,0}, {540,0}, {536,0}, {533,0}, {530,0}, {528,0}, {525,0}, {523,0}, {522,0}, {520,0}, {519,0}, {518,0}, {517,0}, {516,0}, {515,0}, {515,0}, {514,0}, {514,0}, {513,0}, {513,0}, {513,0}, {513,0}, {513,0}};
la=11,ld=4,s=6
std::vector<std::vector<uint64_t>> data = {{21,0}, {51,0}, {102,0}, {152,0}, {201,0}, {248,0}, {293,0}, {376,15}, {414,15}, {445,15}, {450,15}, {482,15}, {512,15}, {560,14}, {580,14}, {597,14}, {605,14}, {612,14}, {623,14}, {632,14}, {638,14}, {642,14}, {644,14}, {643,14}, {641,14}, {638,14}, {634,14}, {628,14}, {623,14}, {616,14}, {610,14}, {603,14}, {596,14}, {589,14}, {582,15}, {576,15}, {570,15}, {564,15}, {558,15}, {553,15}, {548,15}, {544,15}, {540,15}, {536,15}, {533,15}, {530,0}, {528,0}, {525,0}, {523,0}, {522,0}, {520,0}, {519,0}, {518,0}, {517,0}, {516,0}, {515,0}, {515,0}, {514,0}, {514,0}, {513,0}, {513,0}, {513,0}, {513,0}, {513,0}};
la=11,ld=5,s=6
std::vector<std::vector<uint64_t>> data = {{21,0}, {51,0}, {102,0}, {152,0}, {201,0}, {292,31}, {320,31}, {336,31}, {414,30}, {445,30}, {450,30}, {511,29}, {535,29}, {538,29}, {561,29}, {597,28}, {605,28}, {612,28}, {623,28}, {637,27}, {641,27}, {643,27}, {644,27}, {643,27}, {641,27}, {638,27}, {634,28}, {628,28}, {623,28}, {616,28}, {610,28}, {603,28}, {596,29}, {589,29}, {582,29}, {576,29}, {570,30}, {564,30}, {558,30}, {553,30}, {548,30}, {544,31}, {540,31}, {536,31}, {533,31}, {530,31}, {528,31}, {525,31}, {523,31}, {522,31}, {520,0}, {519,0}, {518,0}, {517,0}, {516,0}, {515,0}, {515,0}, {514,0}, {514,0}, {513,0}, {513,0}, {513,0}, {513,0}, {513,0}};
la=11,ld=6,s=6
std::vector<std::vector<uint64_t>> data = {{21,0}, {51,0}, {102,0}, {200,63}, {228,63}, {248,63}, {320,62}, {336,62}, {388,61}, {445,60}, {450,60}, {493,59}, {535,58}, {538,58}, {572,57}, {581,57}, {605,56}, {612,56}, {631,55}, {634,55}, {638,55}, {642,55}, {644,55}, {643,55}, {641,55}, {638,55}, {634,55}, {628,55}, {623,56}, {616,56}, {610,56}, {603,57}, {596,57}, {589,58}, {582,58}, {576,59}, {570,59}, {564,59}, {558,60}, {553,60}, {548,61}, {544,61}, {540,61}, {536,62}, {533,62}, {530,62}, {528,62}, {525,63}, {523,63}, {522,63}, {520,63}, {519,63}, {518,63}, {517,63}, {516,0}, {515,0}, {515,0}, {514,0}, {514,0}, {513,0}, {513,0}, {513,0}, {513,0}, {513,0}};
la=11,ld=7,s=6
std::vector<std::vector<uint64_t>> data = {{21,0}, {51,0}, {151,127}, {163,127}, {228,126}, {278,125}, {320,124}, {356,123}, {388,122}, {445,120}, {470,119}, {493,118}, {515,117}, {554,115}, {572,114}, {589,113}, {605,112}, {620,111}, {623,111}, {634,110}, {638,110}, {643,109}, {644,109}, {643,109}, {641,109}, {638,110}, {634,110}, {628,111}, {623,111}, {616,112}, {610,113}, {603,114}, {596,115}, {589,115}, {582,116}, {576,117}, {570,118}, {564,119}, {558,120}, {553,121}, {548,121}, {544,122}, {540,123}, {536,123}, {533,124}, {530,124}, {528,125}, {525,125}, {523,126}, {522,126}, {520,126}, {519,126}, {518,127}, {517,127}, {516,127}, {515,127}, {515,127}, {514,0}, {514,0}, {513,0}, {513,0}, {513,0}, {513,0}, {513,0}};
la=11,ld=8,s=6
std::vector<std::vector<uint64_t>> data = {{21,0}, {51,0}, {117,255}, {163,254}, {228,252}, {278,250}, {320,248}, {356,246}, {388,244}, {431,241}, {470,238}, {493,236}, {525,233}, {545,231}, {564,229}, {581,227}, {598,225}, {613,223}, {627,221}, {634,220}, {641,219}, {642,219}, {644,218}, {643,219}, {641,219}, {638,220}, {634,220}, {628,222}, {623,223}, {616,224}, {610,226}, {603,227}, {596,229}, {589,231}, {582,233}, {576,234}, {570,236}, {564,238}, {558,240}, {553,241}, {548,243}, {544,244}, {540,245}, {536,247}, {533,248}, {530,249}, {528,250}, {525,251}, {523,251}, {522,252}, {520,253}, {519,253}, {518,253}, {517,254}, {516,254}, {515,255}, {515,255}, {514,255}, {514,255}, {513,255}, {513,255}, {513,255}, {513,255}, {513,255}};
la=11,ld=9,s=6
std::vector<std::vector<uint64_t>> data = {{21,0}, {84,511}, {117,510}, {181,507}, {228,504}, {266,501}, {310,497}, {356,492}, {396,487}, {438,481}, {470,476}, {493,472}, {525,466}, {545,462}, {568,457}, {594,451}, {598,450}, {613,446}, {624,443}, {634,440}, {641,438}, {643,437}, {644,437}, {643,437}, {641,438}, {638,439}, {634,441}, {628,443}, {623,445}, {616,449}, {610,451}, {603,455}, {596,458}, {589,462}, {582,466}, {576,469}, {570,472}, {564,476}, {558,479}, {553,482}, {548,486}, {544,488}, {540,491}, {536,493}, {533,495}, {530,498}, {528,499}, {525,501}, {523,503}, {522,503}, {520,505}, {519,506}, {518,507}, {517,507}, {516,508}, {515,509}, {515,509}, {514,510}, {514,510}, {513,511}, {513,511}, {513,511}, {513,511}, {513,511}};
la=11,ld=10,s=6
std::vector<std::vector<uint64_t>> data = {{21,0}, {84,1022}, {129,1019}, {172,1015}, {221,1009}, {272,1001}, {310,994}, {360,983}, {392,975}, {428,965}, {473,951}, {493,944}, {525,932}, {545,924}, {568,914}, {596,901}, {598,900}, {615,891}, {624,886}, {636,879}, {639,877}, {642,875}, {644,874}, {643,874}, {641,876}, {638,878}, {634,882}, {628,887}, {623,891}, {616,897}, {610,903}, {603,910}, {596,917}, {589,924}, {582,931}, {576,938}, {570,945}, {564,952}, {558,959}, {553,965}, {548,971}, {544,976}, {540,981}, {536,987}, {533,991}, {530,995}, {528,998}, {525,1002}, {523,1005}, {522,1007}, {520,1010}, {519,1012}, {518,1013}, {517,1015}, {516,1017}, {515,1018}, {515,1018}, {514,1020}, {514,1020}, {513,1022}, {513,1022}, {513,1022}, {513,1022}, {513,1022}};
la=11,ld=11,s=6
std::vector<std::vector<uint64_t>> data = {{21,0}, {73,2045}, {129,2038}, {172,2030}, {221,2018}, {269,2003}, {317,1985}, {358,1967}, {394,1949}, {433,1927}, {465,1907}, {500,1883}, {525,1864}, {545,1848}, {567,1829}, {597,1801}, {598,1800}, {615,1782}, {624,1772}, {635,1759}, {639,1754}, {642,1750}, {644,1747}, {643,1749}, {641,1752}, {638,1757}, {634,1763}, {628,1773}, {623,1782}, {616,1795}, {610,1806}, {603,1819}, {596,1833}, {589,1848}, {582,1863}, {576,1876}, {570,1889}, {564,1903}, {558,1917}, {553,1930}, {548,1942}, {544,1952}, {540,1963}, {536,1974}, {533,1982}, {530,1990}, {528,1996}, {525,2005}, {523,2011}, {522,2014}, {520,2020}, {519,2023}, {518,2027}, {517,2030}, {516,2033}, {515,2037}, {515,2037}, {514,2040}, {514,2040}, {513,2044}, {513,2044}, {513,2044}, {513,2044}, {513,2044}};
la=11,ld=12,s=6
std::vector<std::vector<uint64_t>> data = {{21,0}, {78,4089}, {129,4076}, {172,4060}, {221,4036}, {269,4006}, {311,3975}, {359,3933}, {393,3899}, {433,3854}, {469,3809}, {500,3766}, {522,3733}, {548,3691}, {572,3649}, {590,3615}, {604,3587}, {620,3553}, {627,3537}, {635,3518}, {641,3503}, {642,3500}, {644,3495}, {643,3498}, {641,3504}, {638,3513}, {634,3526}, {628,3546}, {623,3564}, {616,3589}, {610,3612}, {603,3639}, {596,3667}, {589,3696}, {582,3725}, {576,3752}, {570,3779}, {564,3806}, {558,3835}, {553,3859}, {548,3884}, {544,3905}, {540,3926}, {536,3947}, {533,3964}, {530,3981}, {528,3992}, {525,4010}, {523,4022}, {522,4028}, {520,4040}, {519,4047}, {518,4053}, {517,4060}, {516,4066}, {515,4073}, {515,4073}, {514,4080}, {514,4080}, {513,4088}, {513,4088}, {513,4088}, {513,4088}, {513,4088}};
la=11,ld=13,s=6
std::vector<std::vector<uint64_t>> data = {{26,8191}, {78,8178}, {127,8153}, {172,8120}, {220,8073}, {270,8011}, {314,7945}, {359,7866}, {393,7798}, {431,7713}, {467,7623}, {500,7532}, {521,7469}, {550,7375}, {570,7305}, {590,7230}, {604,7174}, {617,7119}, {627,7074}, {635,7036}, {640,7011}, {643,6995}, {644,6990}, {643,6996}, {641,7008}, {638,7026}, {634,7052}, {628,7093}, {623,7128}, {616,7179}, {610,7224}, {603,7278}, {596,7334}, {589,7391}, {582,7451}, {576,7503}, {570,7557}, {564,7613}, {558,7670}, {553,7718}, {548,7768}, {544,7809}, {540,7851}, {536,7894}, {533,7927}, {530,7961}, {528,7984}, {525,8019}, {523,8043}, {522,8056}, {520,8081}, {519,8093}, {518,8106}, {517,8119}, {516,8133}, {515,8147}, {515,8147}, {514,8161}, {514,8161}, {513,8176}, {513,8176}, {513,8176}, {513,8176}, {513,8176}};
la=12,ld=2,s=6
std::vector<std::vector<uint64_t>> data = {{42,0}, {102,0}, {204,0}, {303,0}, {401,0}, {495,0}, {585,0}, {672,0}, {753,0}, {829,0}, {900,0}, {964,0}, {1023,0}, {1075,0}, {1121,0}, {1161,0}, {1195,0}, {1245,3}, {1262,3}, {1275,3}, {1283,3}, {1287,3}, {1288,3}, {1286,3}, {1282,3}, {1276,3}, {1267,3}, {1257,3}, {1245,3}, {1232,0}, {1219,0}, {1205,0}, {1192,0}, {1178,0}, {1165,0}, {1152,0}, {1139,0}, {1127,0}, {1116,0}, {1106,0}, {1096,0}, {1088,0}, {1080,0}, {1073,0}, {1066,0}, {1060,0}, {1055,0}, {1051,0}, {1047,0}, {1043,0}, {1040,0}, {1038,0}, {1035,0}, {1033,0}, {1032,0}, {1030,0}, {1029,0}, {1028,0}, {1027,0}, {1027,0}, {1026,0}, {1026,0}, {1025,0}, {1025,0}};
la=12,ld=3,s=6
std::vector<std::vector<uint64_t>> data = {{42,0}, {102,0}, {204,0}, {303,0}, {401,0}, {495,0}, {585,0}, {672,0}, {753,0}, {829,0}, {963,7}, {1022,7}, {1074,7}, {1120,7}, {1160,7}, {1194,7}, {1211,7}, {1223,7}, {1246,7}, {1263,7}, {1276,7}, {1284,7}, {1288,7}, {1286,7}, {1282,7}, {1276,7}, {1267,7}, {1257,7}, {1245,7}, {1232,7}, {1219,7}, {1205,7}, {1192,7}, {1178,7}, {1165,7}, {1152,7}, {1139,7}, {1127,7}, {1116,7}, {1106,0}, {1096,0}, {1088,0}, {1080,0}, {1073,0}, {1066,0}, {1060,0}, {1055,0}, {1051,0}, {1047,0}, {1043,0}, {1040,0}, {1038,0}, {1035,0}, {1033,0}, {1032,0}, {1030,0}, {1029,0}, {1028,0}, {1027,0}, {1027,0}, {1026,0}, {1026,0}, {1025,0}, {1025,0}};
la=12,ld=4,s=6
std::vector<std::vector<uint64_t>> data = {{42,0}, {102,0}, {204,0}, {303,0}, {401,0}, {495,0}, {585,0}, {752,15}, {828,15}, {890,15}, {900,15}, {964,15}, {1023,15}, {1120,14}, {1160,14}, {1194,14}, {1211,14}, {1223,14}, {1246,14}, {1263,14}, {1276,14}, {1284,14}, {1288,14}, {1286,14}, {1282,14}, {1276,14}, {1267,14}, {1257,14}, {1245,14}, {1232,14}, {1219,14}, {1205,14}, {1192,14}, {1178,14}, {1165,15}, {1152,15}, {1139,15}, {1127,15}, {1116,15}, {1106,15}, {1096,15}, {1088,15}, {1080,15}, {1073,15}, {1066,15}, {1060,0}, {1055,0}, {1051,0}, {1047,0}, {1043,0}, {1040,0}, {1038,0}, {1035,0}, {1033,0}, {1032,0}, {1030,0}, {1029,0}, {1028,0}, {1027,0}, {1027,0}, {1026,0}, {1026,0}, {1025,0}, {1025,0}};
la=12,ld=5,s=6
std::vector<std::vector<uint64_t>> data = {{42,0}, {102,0}, {204,0}, {303,0}, {401,0}, {584,31}, {639,31}, {672,31}, {828,30}, {890,30}, {900,30}, {1022,29}, {1071,29}, {1075,29}, {1121,29}, {1194,28}, {1211,28}, {1223,28}, {1246,28}, {1275,27}, {1283,27}, {1287,27}, {1288,27}, {1286,27}, {1282,27}, {1276,27}, {1267,28}, {1257,28}, {1245,28}, {1232,28}, {1219,28}, {1205,28}, {1192,29}, {1178,29}, {1165,29}, {1152,29}, {1139,30}, {1127,30}, {1116,30}, {1106,30}, {1096,30}, {1088,31}, {1080,31}, {1073,31}, {1066,31}, {1060,31}, {1055,31}, {1051,31}, {1047,31}, {1043,31}, {1040,0}, {1038,0}, {1035,0}, {1033,0}, {1032,0}, {1030,0}, {1029,0}, {1028,0}, {1027,0}, {1027,0}, {1026,0}, {1026,0}, {1025,0}, {1025,0}};
la=12,ld=6,s=6
std::vector<std::vector<uint64_t>> data = {{42,0}, {102,0}, {204,0}, {400,63}, {456,63}, {495,63}, {639,62}, {672,62}, {777,61}, {890,60}, {900,60}, {986,59}, {1071,58}, {1075,58}, {1145,57}, {1161,57}, {1211,56}, {1223,56}, {1262,55}, {1268,55}, {1276,55}, {1284,55}, {1288,55}, {1286,55}, {1282,55}, {1276,55}, {1267,55}, {1257,55}, {1245,56}, {1232,56}, {1219,56}, {1205,57}, {1192,57}, {1178,58}, {1165,58}, {1152,59}, {1139,59}, {1127,60}, {1116,60}, {1106,60}, {1096,61}, {1088,61}, {1080,61}, {1073,62}, {1066,62}, {1060,62}, {1055,62}, {1051,63}, {1047,63}, {1043,63}, {1040,63}, {1038,63}, {1035,63}, {1033,63}, {1032,0}, {1030,0}, {1029,0}, {1028,0}, {1027,0}, {1027,0}, {1026,0}, {1026,0}, {1025,0}, {1025,0}};
la=12,ld=7,s=6
std::vector<std::vector<uint64_t>> data = {{42,0}, {102,0}, {302,127}, {327,127}, {456,126}, {556,125}, {639,124}, {711,123}, {777,122}, {890,120}, {939,119}, {986,118}, {1030,117}, {1109,115}, {1145,114}, {1179,113}, {1211,112}, {1241,111}, {1246,111}, {1268,110}, {1276,110}, {1287,109}, {1288,109}, {1286,109}, {1282,109}, {1276,110}, {1267,110}, {1257,111}, {1245,111}, {1232,112}, {1219,113}, {1205,114}, {1192,115}, {1178,115}, {1165,116}, {1152,117}, {1139,118}, {1127,119}, {1116,120}, {1106,121}, {1096,121}, {1088,122}, {1080,123}, {1073,123}, {1066,124}, {1060,124}, {1055,125}, {1051,125}, {1047,126}, {1043,126}, {1040,126}, {1038,126}, {1035,127}, {1033,127}, {1032,127}, {1030,127}, {1029,127}, {1028,0}, {1027,0}, {1027,0}, {1026,0}, {1026,0}, {1025,0}, {1025,0}};
la=12,ld=8,s=6
std::vector<std::vector<uint64_t>> data = {{42,0}, {102,0}, {234,255}, {327,254}, {456,252}, {556,250}, {639,248}, {711,246}, {807,243}, {863,241}, {939,238}, {986,236}, {1050,233}, {1090,231}, {1145,228}, {1179,226}, {1211,224}, {1241,222}, {1255,221}, {1268,220}, {1281,219}, {1284,219}, {1288,218}, {1286,219}, {1282,219}, {1276,220}, {1267,220}, {1257,222}, {1245,223}, {1232,224}, {1219,226}, {1205,228}, {1192,229}, {1178,231}, {1165,233}, {1152,234}, {1139,236}, {1127,238}, {1116,240}, {1106,241}, {1096,243}, {1088,244}, {1080,245}, {1073,247}, {1066,248}, {1060,249}, {1055,250}, {1051,250}, {1047,251}, {1043,252}, {1040,253}, {1038,253}, {1035,254}, {1033,254}, {1032,254}, {1030,255}, {1029,255}, {1028,255}, {1027,255}, {1027,255}, {1026,255}, {1026,255}, {1025,0}, {1025,0}};
la=12,ld=9,s=6
std::vector<std::vector<uint64_t>> data = {{42,0}, {168,511}, {234,510}, {363,507}, {456,504}, {533,501}, {639,496}, {711,492}, {792,487}, {863,482}, {927,477}, {997,471}, {1050,466}, {1090,462}, {1145,456}, {1179,452}, {1211,448}, {1241,444}, {1248,443}, {1275,439}, {1281,438}, {1287,437}, {1288,437}, {1286,437}, {1282,438}, {1276,439}, {1267,441}, {1257,443}, {1245,446}, {1232,449}, {1219,452}, {1205,455}, {1192,458}, {1178,462}, {1165,465}, {1152,469}, {1139,473}, {1127,476}, {1116,479}, {1106,482}, {1096,486}, {1088,488}, {1080,491}, {1073,493}, {1066,495}, {1060,498}, {1055,499}, {1051,501}, {1047,502}, {1043,504}, {1040,505}, {1038,506}, {1035,507}, {1033,508}, {1032,508}, {1030,509}, {1029,510}, {1028,510}, {1027,511}, {1027,511}, {1026,511}, {1026,511}, {1025,511}, {1025,511}};
la=12,ld=10,s=6
std::vector<std::vector<uint64_t>> data = {{42,0}, {168,1022}, {258,1019}, {344,1015}, {442,1009}, {544,1001}, {629,993}, {720,983}, {784,975}, {863,964}, {933,953}, {997,942}, {1050,932}, {1090,924}, {1145,912}, {1179,904}, {1211,896}, {1230,891}, {1248,886}, {1275,878}, {1278,877}, {1287,874}, {1288,874}, {1286,874}, {1282,876}, {1276,878}, {1267,882}, {1257,886}, {1245,891}, {1232,897}, {1219,903}, {1205,910}, {1192,917}, {1178,924}, {1165,931}, {1152,938}, {1139,945}, {1127,952}, {1116,959}, {1106,965}, {1096,971}, {1088,976}, {1080,981}, {1073,986}, {1066,991}, {1060,995}, {1055,999}, {1051,1002}, {1047,1005}, {1043,1008}, {1040,1010}, {1038,1012}, {1035,1014}, {1033,1016}, {1032,1017}, {1030,1018}, {1029,1019}, {1028,1020}, {1027,1021}, {1027,1021}, {1026,1022}, {1026,1022}, {1025,1023}, {1025,1023}};
la=12,ld=11,s=6
std::vector<std::vector<uint64_t>> data = {{42,0}, {146,2045}, {258,2038}, {353,2029}, {449,2017}, {538,2003}, {629,1986}, {716,1967}, {788,1949}, {866,1927}, {933,1906}, {997,1884}, {1053,1863}, {1097,1845}, {1145,1824}, {1179,1808}, {1209,1793}, {1239,1777}, {1248,1772}, {1270,1759}, {1278,1754}, {1287,1748}, {1288,1747}, {1286,1749}, {1282,1752}, {1276,1757}, {1267,1764}, {1257,1772}, {1245,1783}, {1232,1795}, {1219,1807}, {1205,1820}, {1192,1833}, {1178,1848}, {1165,1862}, {1152,1876}, {1139,1890}, {1127,1904}, {1116,1917}, {1106,1930}, {1096,1942}, {1088,1952}, {1080,1963}, {1073,1972}, {1066,1982}, {1060,1990}, {1055,1998}, {1051,2003}, {1047,2009}, {1043,2015}, {1040,2020}, {1038,2023}, {1035,2028}, {1033,2032}, {1032,2033}, {1030,2037}, {1029,2038}, {1028,2040}, {1027,2042}, {1027,2042}, {1026,2044}, {1026,2044}, {1025,2046}, {1025,2046}};
la=12,ld=12,s=6
std::vector<std::vector<uint64_t>> data = {{42,0}, {156,4089}, {258,4076}, {353,4058}, {445,4035}, {541,4005}, {629,3972}, {718,3933}, {786,3899}, {866,3854}, {933,3812}, {993,3771}, {1049,3729}, {1097,3690}, {1145,3648}, {1179,3616}, {1209,3586}, {1239,3554}, {1254,3537}, {1270,3518}, {1282,3503}, {1285,3499}, {1288,3495}, {1286,3498}, {1282,3504}, {1276,3513}, {1267,3528}, {1257,3545}, {1245,3566}, {1232,3589}, {1219,3614}, {1205,3641}, {1192,3667}, {1178,3696}, {1165,3723}, {1152,3752}, {1139,3781}, {1127,3809}, {1116,3835}, {1106,3859}, {1096,3884}, {1088,3905}, {1080,3926}, {1073,3945}, {1066,3964}, {1060,3981}, {1055,3995}, {1051,4007}, {1047,4019}, {1043,4031}, {1040,4040}, {1038,4047}, {1035,4056}, {1033,4063}, {1032,4066}, {1030,4073}, {1029,4077}, {1028,4080}, {1027,4084}, {1027,4084}, {1026,4088}, {1026,4088}, {1025,4092}, {1025,4092}};
la=12,ld=13,s=6
std::vector<std::vector<uint64_t>> data = {{52,8191}, {156,8178}, {255,8153}, {353,8116}, {447,8069}, {537,8013}, {629,7944}, {718,7866}, {786,7798}, {867,7707}, {934,7623}, {995,7539}, {1049,7458}, {1100,7375}, {1140,7305}, {1179,7232}, {1209,7172}, {1234,7119}, {1254,7074}, {1270,7036}, {1280,7011}, {1285,6998}, {1288,6990}, {1286,6996}, {1282,7008}, {1276,7026}, {1267,7056}, {1257,7089}, {1245,7131}, {1232,7179}, {1219,7227}, {1205,7282}, {1192,7334}, {1178,7391}, {1165,7447}, {1152,7503}, {1139,7562}, {1127,7617}, {1116,7670}, {1106,7718}, {1096,7768}, {1088,7809}, {1080,7851}, {1073,7889}, {1066,7927}, {1060,7961}, {1055,7990}, {1051,8013}, {1047,8037}, {1043,8062}, {1040,8081}, {1038,8093}, {1035,8113}, {1033,8126}, {1032,8133}, {1030,8147}, {1029,8154}, {1028,8161}, {1027,8168}, {1027,8168}, {1026,8176}, {1026,8176}, {1025,8183}, {1025,8183}};
la=13,ld=2,s=6
std::vector<std::vector<uint64_t>> data = {{85,0}, {204,0}, {407,0}, {606,0}, {801,0}, {989,0}, {1170,0}, {1343,0}, {1506,0}, {1658,0}, {1799,0}, {1928,0}, {2045,0}, {2150,0}, {2242,0}, {2322,0}, {2390,0}, {2490,3}, {2525,3}, {2550,3}, {2566,3}, {2574,3}, {2575,3}, {2573,3}, {2565,3}, {2552,3}, {2534,3}, {2513,3}, {2490,3}, {2465,0}, {2438,0}, {2411,0}, {2383,0}, {2356,0}, {2329,0}, {2303,0}, {2278,0}, {2255,0}, {2233,0}, {2212,0}, {2193,0}, {2175,0}, {2159,0}, {2145,0}, {2132,0}, {2121,0}, {2110,0}, {2101,0}, {2093,0}, {2086,0}, {2080,0}, {2075,0}, {2071,0}, {2067,0}, {2064,0}, {2061,0}, {2059,0}, {2057,0}, {2055,0}, {2054,0}, {2053,0}, {2052,0}, {2051,0}, {2050,0}};
la=13,ld=3,s=6
std::vector<std::vector<uint64_t>> data = {{85,0}, {204,0}, {407,0}, {606,0}, {801,0}, {989,0}, {1170,0}, {1343,0}, {1506,0}, {1658,0}, {1927,7}, {2044,7}, {2149,7}, {2241,7}, {2321,7}, {2389,7}, {2422,7}, {2446,7}, {2491,7}, {2526,7}, {2551,7}, {2567,7}, {2575,7}, {2573,7}, {2565,7}, {2552,7}, {2534,7}, {2513,7}, {2490,7}, {2465,7}, {2438,7}, {2411,7}, {2383,7}, {2356,7}, {2329,7}, {2303,7}, {2278,7}, {2255,7}, {2233,7}, {2212,0}, {2193,0}, {2175,0}, {2159,0}, {2145,0}, {2132,0}, {2121,0}, {2110,0}, {2101,0}, {2093,0}, {2086,0}, {2080,0}, {2075,0}, {2071,0}, {2067,0}, {2064,0}, {2061,0}, {2059,0}, {2057,0}, {2055,0}, {2054,0}, {2053,0}, {2052,0}, {2051,0}, {2050,0}};
la=13,ld=4,s=6
std::vector<std::vector<uint64_t>> data = {{85,0}, {204,0}, {407,0}, {606,0}, {801,0}, {989,0}, {1170,0}, {1505,15}, {1657,15}, {1780,15}, {1799,15}, {1928,15}, {2045,15}, {2241,14}, {2321,14}, {2389,14}, {2422,14}, {2446,14}, {2491,14}, {2526,14}, {2551,14}, {2567,14}, {2575,14}, {2573,14}, {2565,14}, {2552,14}, {2534,14}, {2513,14}, {2490,14}, {2465,14}, {2438,14}, {2411,14}, {2383,14}, {2356,14}, {2329,15}, {2303,15}, {2278,15}, {2255,15}, {2233,15}, {2212,15}, {2193,15}, {2175,15}, {2159,15}, {2145,15}, {2132,15}, {2121,0}, {2110,0}, {2101,0}, {2093,0}, {2086,0}, {2080,0}, {2075,0}, {2071,0}, {2067,0}, {2064,0}, {2061,0}, {2059,0}, {2057,0}, {2055,0}, {2054,0}, {2053,0}, {2052,0}, {2051,0}, {2050,0}};
la=13,ld=5,s=6
std::vector<std::vector<uint64_t>> data = {{85,0}, {204,0}, {407,0}, {606,0}, {801,0}, {1169,31}, {1279,31}, {1343,31}, {1657,30}, {1780,30}, {1799,30}, {2044,29}, {2142,29}, {2150,29}, {2242,29}, {2389,28}, {2422,28}, {2446,28}, {2491,28}, {2550,27}, {2566,27}, {2574,27}, {2575,27}, {2573,27}, {2565,27}, {2552,27}, {2534,28}, {2513,28}, {2490,28}, {2465,28}, {2438,28}, {2411,28}, {2383,29}, {2356,29}, {2329,29}, {2303,29}, {2278,30}, {2255,30}, {2233,30}, {2212,30}, {2193,30}, {2175,31}, {2159,31}, {2145,31}, {2132,31}, {2121,31}, {2110,31}, {2101,31}, {2093,31}, {2086,31}, {2080,0}, {2075,0}, {2071,0}, {2067,0}, {2064,0}, {2061,0}, {2059,0}, {2057,0}, {2055,0}, {2054,0}, {2053,0}, {2052,0}, {2051,0}, {2050,0}};
la=13,ld=6,s=6
std::vector<std::vector<uint64_t>> data = {{85,0}, {204,0}, {407,0}, {800,63}, {912,63}, {989,63}, {1279,62}, {1343,62}, {1554,61}, {1780,60}, {1799,60}, {1972,59}, {2142,58}, {2150,58}, {2290,57}, {2322,57}, {2422,56}, {2446,56}, {2525,55}, {2537,55}, {2551,55}, {2567,55}, {2575,55}, {2573,55}, {2565,55}, {2552,55}, {2534,55}, {2513,55}, {2490,56}, {2465,56}, {2438,56}, {2411,57}, {2383,57}, {2356,58}, {2329,58}, {2303,59}, {2278,59}, {2255,59}, {2233,60}, {2212,60}, {2193,61}, {2175,61}, {2159,61}, {2145,62}, {2132,62}, {2121,62}, {2110,62}, {2101,63}, {2093,63}, {2086,63}, {2080,63}, {2075,63}, {2071,63}, {2067,63}, {2064,0}, {2061,0}, {2059,0}, {2057,0}, {2055,0}, {2054,0}, {2053,0}, {2052,0}, {2051,0}, {2050,0}};
la=13,ld=7,s=6
std::vector<std::vector<uint64_t>> data = {{85,0}, {204,0}, {605,127}, {653,127}, {912,126}, {1113,125}, {1279,124}, {1423,123}, {1554,122}, {1780,120}, {1879,119}, {1972,118}, {2060,117}, {2218,115}, {2290,114}, {2358,113}, {2422,112}, {2482,111}, {2491,111}, {2537,110}, {2551,110}, {2574,109}, {2575,109}, {2573,109}, {2565,109}, {2552,110}, {2534,110}, {2513,111}, {2490,111}, {2465,112}, {2438,113}, {2411,114}, {2383,115}, {2356,115}, {2329,116}, {2303,117}, {2278,118}, {2255,119}, {2233,120}, {2212,121}, {2193,121}, {2175,122}, {2159,123}, {2145,123}, {2132,124}, {2121,124}, {2110,125}, {2101,125}, {2093,126}, {2086,126}, {2080,126}, {2075,127}, {2071,127}, {2067,127}, {2064,127}, {2061,127}, {2059,127}, {2057,127}, {2055,0}, {2054,0}, {2053,0}, {2052,0}, {2051,0}, {2050,0}};
la=13,ld=8,s=6
std::vector<std::vector<uint64_t>> data = {{85,0}, {204,0}, {467,255}, {653,254}, {912,252}, {1113,250}, {1279,248}, {1423,246}, {1614,243}, {1726,241}, {1879,238}, {1972,236}, {2100,233}, {2180,231}, {2290,228}, {2358,226}, {2422,224}, {2482,222}, {2510,221}, {2537,220}, {2562,219}, {2567,219}, {2575,218}, {2573,219}, {2565,219}, {2552,220}, {2534,220}, {2513,222}, {2490,223}, {2465,224}, {2438,226}, {2411,227}, {2383,229}, {2356,231}, {2329,233}, {2303,235}, {2278,236}, {2255,238}, {2233,240}, {2212,241}, {2193,243}, {2175,244}, {2159,245}, {2145,247}, {2132,248}, {2121,249}, {2110,250}, {2101,251}, {2093,251}, {2086,252}, {2080,253}, {2075,253}, {2071,253}, {2067,254}, {2064,254}, {2061,254}, {2059,255}, {2057,255}, {2055,255}, {2054,255}, {2053,255}, {2052,255}, {2051,0}, {2050,0}};
la=13,ld=9,s=6
std::vector<std::vector<uint64_t>> data = {{85,0}, {336,511}, {467,510}, {725,507}, {912,504}, {1066,501}, {1239,497}, {1423,492}, {1583,487}, {1726,482}, {1879,476}, {1994,471}, {2100,466}, {2199,461}, {2290,456}, {2358,452}, {2422,448}, {2467,445}, {2496,443}, {2550,439}, {2562,438}, {2574,437}, {2575,437}, {2573,437}, {2565,438}, {2552,439}, {2534,441}, {2513,443}, {2490,446}, {2465,449}, {2438,452}, {2411,455}, {2383,458}, {2356,462}, {2329,466}, {2303,469}, {2278,473}, {2255,476}, {2233,479}, {2212,482}, {2193,485}, {2175,488}, {2159,491}, {2145,493}, {2132,495}, {2121,497}, {2110,499}, {2101,501}, {2093,503}, {2086,504}, {2080,505}, {2075,506}, {2071,507}, {2067,508}, {2064,508}, {2061,509}, {2059,509}, {2057,510}, {2055,510}, {2054,511}, {2053,511}, {2052,511}, {2051,511}, {2050,511}};
la=13,ld=10,s=6
std::vector<std::vector<uint64_t>> data = {{85,0}, {336,1022}, {516,1019}, {688,1015}, {884,1009}, {1089,1001}, {1258,993}, {1423,984}, {1583,974}, {1739,963}, {1879,952}, {1983,943}, {2111,931}, {2199,922}, {2281,913}, {2358,904}, {2422,896}, {2467,890}, {2503,885}, {2550,878}, {2556,877}, {2574,874}, {2575,874}, {2573,874}, {2565,876}, {2552,878}, {2534,882}, {2513,886}, {2490,891}, {2465,897}, {2438,903}, {2411,910}, {2383,917}, {2356,924}, {2329,931}, {2303,938}, {2278,945}, {2255,952}, {2233,958}, {2212,965}, {2193,971}, {2175,977}, {2159,982}, {2145,986}, {2132,991}, {2121,995}, {2110,999}, {2101,1002}, {2093,1005}, {2086,1008}, {2080,1010}, {2075,1012}, {2071,1014}, {2067,1015}, {2064,1017}, {2061,1018}, {2059,1019}, {2057,1020}, {2055,1021}, {2054,1021}, {2053,1021}, {2052,1022}, {2051,1022}, {2050,1023}};
la=13,ld=11,s=6
std::vector<std::vector<uint64_t>> data = {{85,0}, {292,2045}, {516,2038}, {706,2029}, {897,2017}, {1077,2003}, {1258,1986}, {1423,1968}, {1583,1948}, {1719,1929}, {1879,1904}, {1983,1886}, {2111,1862}, {2194,1845}, {2281,1826}, {2358,1808}, {2418,1793}, {2467,1780}, {2503,1770}, {2540,1759}, {2553,1755}, {2571,1749}, {2575,1748}, {2573,1749}, {2565,1752}, {2552,1757}, {2534,1764}, {2513,1773}, {2490,1783}, {2465,1794}, {2438,1807}, {2411,1820}, {2383,1834}, {2356,1848}, {2329,1862}, {2303,1876}, {2278,1890}, {2255,1904}, {2233,1917}, {2212,1930}, {2193,1941}, {2175,1953}, {2159,1964}, {2145,1973}, {2132,1982}, {2121,1990}, {2110,1998}, {2101,2004}, {2093,2010}, {2086,2015}, {2080,2020}, {2075,2024}, {2071,2027}, {2067,2031}, {2064,2033}, {2061,2036}, {2059,2038}, {2057,2039}, {2055,2041}, {2054,2042}, {2053,2043}, {2052,2044}, {2051,2045}, {2050,2046}};
la=13,ld=12,s=6
std::vector<std::vector<uint64_t>> data = {{85,0}, {312,4089}, {503,4077}, {706,4058}, {897,4034}, {1077,4006}, {1258,3972}, {1423,3936}, {1583,3896}, {1729,3855}, {1863,3813}, {1983,3772}, {2098,3729}, {2194,3690}, {2279,3653}, {2358,3616}, {2418,3586}, {2467,3560}, {2508,3537}, {2540,3518}, {2553,3510}, {2570,3499}, {2575,3496}, {2573,3497}, {2565,3503}, {2552,3513}, {2534,3528}, {2513,3546}, {2490,3566}, {2465,3588}, {2438,3614}, {2411,3640}, {2383,3668}, {2356,3696}, {2329,3724}, {2303,3753}, {2278,3781}, {2255,3808}, {2233,3834}, {2212,3859}, {2193,3883}, {2175,3906}, {2159,3927}, {2145,3946}, {2132,3964}, {2121,3979}, {2110,3995}, {2101,4008}, {2093,4020}, {2086,4031}, {2080,4040}, {2075,4048}, {2071,4055}, {2067,4061}, {2064,4066}, {2061,4072}, {2059,4075}, {2057,4079}, {2055,4082}, {2054,4084}, {2053,4086}, {2052,4088}, {2051,4090}, {2050,4092}};
la=13,ld=13,s=6
std::vector<std::vector<uint64_t>> data = {{103,8191}, {301,8179}, {509,8153}, {701,8117}, {897,8068}, {1074,8013}, {1258,7944}, {1425,7871}, {1583,7792}, {1734,7707}, {1868,7623}, {1990,7539}, {2098,7458}, {2200,7375}, {2280,7305}, {2359,7231}, {2417,7173}, {2467,7120}, {2508,7074}, {2540,7036}, {2560,7011}, {2570,6998}, {2575,6991}, {2573,6994}, {2565,7006}, {2552,7026}, {2534,7056}, {2513,7091}, {2490,7131}, {2465,7177}, {2438,7227}, {2411,7280}, {2383,7336}, {2356,7391}, {2329,7449}, {2303,7506}, {2278,7562}, {2255,7615}, {2233,7667}, {2212,7718}, {2193,7766}, {2175,7812}, {2159,7854}, {2145,7892}, {2132,7927}, {2121,7958}, {2110,7990}, {2101,8016}, {2093,8040}, {2086,8062}, {2080,8081}, {2075,8097}, {2071,8110}, {2067,8123}, {2064,8133}, {2061,8143}, {2059,8150}, {2057,8157}, {2055,8164}, {2054,8168}, {2053,8172}, {2052,8176}, {2051,8180}, {2050,8183}};
